Workbook
Name Event_ID: #REF!
Name Event_Name: #REF!
Name Export_Time_PT: #REF!
Name Prepared_By: #REF!
Name TEX_File: #REF!

Sheet README
A1: For CGS/NWS/Cal OES Use Only
A2: California Statewide manual FASTER Hand-Calculation Spreadsheet Approach to be used only by CGS, NWS, or Cal OES as a backup to the FASTER AWS online interface and the FASTER Desktop Application.
A12: To use this Excel spreadsheet, manually fill out the required fields (red text).
A14: Tab (1): Start by pasting TEX data as values.
A15: Tab (2): Paste ETSS py script data as values. This info may be important initial info to share.
A16: Tab (3): Enter NTWC forecast amplitude in cell 'F3" for the Brookings forecast location 'BKG'
A17: Tab (4): Contains Maritime amplitudes and thresholds.
A18: Tab (5): Contains all Evacuation and Maritime Playbook Recommendations; print this page as a pdf and distribute to Cal OES Seismic Hazards Duty Officer.

Sheet (1) Paste CA TEX Values
A1: site id | B1: siteStateName | C1: siteCode | D1: siteName | E1: predictedArrivalTime_PST_or_PDT | F1: predictedArrivalTime_plus_5hr_PST_or_PDT | G1: Lat_dd | H1: Long_dd | I1: predictedPosAmplitude_m | J1: predictedPosAmpUnc_m | K1: predictedDuration_hrs | L1: predictedArrivalTime_UTC | N1: For CGS/NWS/Cal OES Use Only
A2: 127 | B2: California | C2: MTR | D2: Mattole River | E2: 2026-02-01 22:40:00 PST | F2: 2026-02-02 03:40:00 PST | G2: 40.295 | H2: -124.356 | I2: 5.472996 | J2: 0.15 | K2: 15 | L2: 2026-02-02 06:40:00 UTC | N2: Instructions:
A3: 138 | B3: California | C3: LCS | D3: Lost Coast Shoreline | E3: 2026-02-01 22:45:00 PST | F3: 2026-02-02 03:45:00 PST | G3: 40.172 | H3: -124.239 | I3: 4.3506192 | J3: 0.13 | K3: 15 | L3: 2026-02-02 06:45:00 UTC | N3: Run the py script "Step_01_NTWC_Forecast_Amp_ArrivalTimes_V04.py" and paste only values here (grey box to the left ). If the formatting changes in the grey box, undo the paste and try again to only paste values so that there are no downstream effects.
A4: 141 | B4: California | C4: CPM | D4: Cape Mendocino | E4: 2026-02-01 22:45:00 PST | F4: 2026-02-02 03:45:00 PST | G4: 40.517 | H4: -124.4 | L4: 2026-02-02 06:45:00 UTC
A5: 147 | B5: California | C5: HBB | D5: Humboldt Bay | E5: 2026-02-01 22:50:00 PST | F5: 2026-02-02 03:50:00 PST | G5: 40.76 | H5: -124.227 | I5: 3.3840877 | J5: 0.09 | K5: 9 | L5: 2026-02-02 06:50:00 UTC
A6: 148 | B6: California | C6: MHL | D6: Mendo/Hum County Line | E6: 2026-02-01 22:50:00 PST | F6: 2026-02-02 03:50:00 PST | G6: 40.001 | H6: -124.035 | L6: 2026-02-02 06:50:00 UTC
A7: 149 | B7: California | C7: FBG | D7: Fort Bragg | E7: 2026-02-01 22:50:00 PST | F7: 2026-02-02 03:50:00 PST | G7: 39.428 | H7: -123.818 | I7: 3.2598899 | J7: 0.1 | K7: 9 | L7: 2026-02-02 06:50:00 UTC
A8: 150 | B8: California | C8: SSP | D8: South Spit | E8: 2026-02-01 22:50:00 PST | F8: 2026-02-02 03:50:00 PST | G8: 40.73 | H8: -124.25 | I8: 2.9651922 | J8: 0.08 | K8: 0 | L8: 2026-02-02 06:50:00 UTC
A9: 152 | B9: California | C9: CRE | D9: Crescent City | E9: 2026-02-01 22:50:00 PST | F9: 2026-02-02 03:50:00 PST | G9: 41.747 | H9: -124.183 | I9: 13.187217 | J9: 0.35 | K9: 30 | L9: 2026-02-02 06:50:00 UTC
A10: 155 | B10: California | C10: TEN | D10: Ten Mile River Beach | E10: 2026-02-01 22:50:00 PST | F10: 2026-02-02 03:50:00 PST | G10: 39.53 | H10: -123.78 | I10: 4.2192736 | J10: 0.15 | K10: 15 | L10: 2026-02-02 06:50:00 UTC
A11: 157 | B11: California | C11: MEN | D11: Mendocino | E11: 2026-02-01 22:50:00 PST | F11: 2026-02-02 03:50:00 PST | G11: 39.32 | H11: -123.82 | I11: 3.3675224 | J11: 0.09 | K11: 0 | L11: 2026-02-02 06:50:00 UTC
A12: 165 | B12: California | C12: EUR | D12: Eureka | E12: 2026-02-01 22:55:00 PST | F12: 2026-02-02 03:55:00 PST | G12: 40.8 | H12: -124.18 | I12: 2.8423485 | J12: 0.09 | K12: 9 | L12: 2026-02-02 06:55:00 UTC
A13: 172 | B13: California | C13: NSC | D13: North Spit coast | E13: 2026-02-01 22:55:00 PST | F13: 2026-02-02 03:55:00 PST | G13: 40.962 | H13: -124.132 | I13: 6.815402 | J13: 0.19 | K13: 20 | L13: 2026-02-02 06:55:00 UTC
A14: 176 | B14: California | C14: GUP | D14: Gualala River | E14: 2026-02-01 22:55:00 PST | F14: 2026-02-02 03:55:00 PST | G14: 38.768 | H14: -123.534 | L14: 2026-02-02 06:55:00 UTC
A15: 178 | B15: California | C15: ARN | D15: Arena Cove | E15: 2026-02-01 22:55:00 PST | F15: 2026-02-02 03:55:00 PST | G15: 38.915 | H15: -123.711 | I15: 5.1610826 | J15: 0.14 | K15: 15 | L15: 2026-02-02 06:55:00 UTC
A16: 179 | B16: California | C16: TND | D16: Trinidad | E16: 2026-02-01 22:55:00 PST | F16: 2026-02-02 03:55:00 PST | G16: 41.05 | H16: -124.13 | I16: 7.2664676 | J16: 0.21 | K16: 20 | L16: 2026-02-02 06:55:00 UTC
A17: 180 | B17: California | C17: ELK | D17: Elk | E17: 2026-02-01 22:55:00 PST | F17: 2026-02-02 03:55:00 PST | G17: 39.12 | H17: -123.72 | I17: 4.5071019 | J17: 0.12 | K17: 15 | L17: 2026-02-02 06:55:00 UTC
A18: 182 | B18: California | C18: KRM | D18: Klamath River Mouth | E18: 2026-02-01 23:00:00 PST | F18: 2026-02-02 04:00:00 PST | G18: 41.53 | H18: -124.08 | I18: 8.0583448 | J18: 0.21 | K18: 20 | L18: 2026-02-02 07:00:00 UTC
A19: 183 | B19: California | C19: HDL | D19: Humboldt/Del Norte Line | E19: 2026-02-01 23:00:00 PST | F19: 2026-02-02 04:00:00 PST | G19: 41.465 | H19: -124.066 | L19: 2026-02-02 07:00:00 UTC
A20: 184 | B20: California | C20: CAR | D20: Carmel | E20: 2026-02-01 23:05:00 PST | F20: 2026-02-02 04:05:00 PST | G20: 36.55 | H20: -121.93 | I20: 1.4182671 | J20: 0.04 | K20: 0 | L20: 2026-02-02 07:05:00 UTC
A21: 185 | B21: California | C21: SUR | D21: Point Sur | E21: 2026-02-01 23:10:00 PST | F21: 2026-02-02 04:10:00 PST | G21: 36.31 | H21: -121.9 | I21: 2.8616902 | J21: 0.07 | K21: 0 | L21: 2026-02-02 07:10:00 UTC
A22: 186 | B22: California | C22: DVN | D22: Davenport | E22: 2026-02-01 23:10:00 PST | F22: 2026-02-02 04:10:00 PST | G22: 37.015 | H22: -122.208 | L22: 2026-02-02 07:10:00 UTC
A23: 188 | B23: California | C23: REY | D23: Point Reyes | E23: 2026-02-01 23:10:00 PST | F23: 2026-02-02 04:10:00 PST | G23: 38 | H23: -123.033 | I23: 5.7961923 | J23: 0.16 | K23: 15 | L23: 2026-02-02 07:10:00 UTC
A24: 189 | B24: California | C24: RRM | D24: Russian River Mouth | E24: 2026-02-01 23:10:00 PST | F24: 2026-02-02 04:10:00 PST | G24: 38.449 | H24: -123.132 | I24: 5.2422945 | J24: 0.15 | K24: 15 | L24: 2026-02-02 07:10:00 UTC
A25: 190 | B25: California | C25: BBY | D25: Bodega Bay | E25: 2026-02-01 23:10:00 PST | F25: 2026-02-02 04:10:00 PST | G25: 38.3 | H25: -123.02 | I25: 3.5963077 | J25: 0.09 | K25: 9 | L25: 2026-02-02 07:10:00 UTC | N25: Make sure to paste all cells (including header info) into A1; see example screenshot below).
A26: 191 | B26: California | C26: PRB | D26: Point Reyes Beach | E26: 2026-02-01 23:10:00 PST | F26: 2026-02-02 04:10:00 PST | G26: 38.08 | H26: -122.98 | I26: 3.3688897 | J26: 0.09 | K26: 9 | L26: 2026-02-02 07:10:00 UTC
A27: 192 | B27: California | C27: MSL | D27: Moss Landing | E27: 2026-02-01 23:10:00 PST | F27: 2026-02-02 04:10:00 PST | G27: 36.804 | H27: -121.794 | I27: 2.0268696 | J27: 0.05 | K27: 0 | L27: 2026-02-02 07:10:00 UTC
A28: 193 | B28: California | C28: SCZ | D28: Santa Cruz | E28: 2026-02-01 23:15:00 PST | F28: 2026-02-02 04:15:00 PST | G28: 36.95 | H28: -122.03 | I28: 3.6779066 | J28: 0.11 | K28: 9 | L28: 2026-02-02 07:15:00 UTC
A29: 195 | B29: California | C29: MNT | D29: Monterey | E29: 2026-02-01 23:15:00 PST | F29: 2026-02-02 04:15:00 PST | G29: 36.605 | H29: -121.89 | I29: 2.4384179 | J29: 0.07 | K29: 0 | L29: 2026-02-02 07:15:00 UTC
A30: 199 | B30: California | C30: RDM | D30: Rio Del Mar | E30: 2026-02-01 23:20:00 PST | F30: 2026-02-02 04:20:00 PST | G30: 36.97 | H30: -121.92 | I30: 5.4415522 | J30: 0.14 | K30: 15 | L30: 2026-02-02 07:20:00 UTC
A31: 200 | B31: California | C31: RGP | D31: Ragged Point | E31: 2026-02-01 23:20:00 PST | F31: 2026-02-02 04:20:00 PST | G31: 35.798 | H31: -121.35 | L31: 2026-02-02 07:20:00 UTC
A32: 201 | B32: California | C32: PHA | D32: Platform Harvest | E32: 2026-02-01 23:20:00 PST | F32: 2026-02-02 04:20:00 PST | G32: 34.468 | H32: -120.673 | I32: 1.175447 | J32: 0.03 | K32: 0 | L32: 2026-02-02 07:20:00 UTC
A33: 202 | B33: California | C33: HMB | D33: Half Moon Bay | E33: 2026-02-01 23:20:00 PST | F33: 2026-02-02 04:20:00 PST | G33: 37.47 | H33: -122.45 | I33: 4.1623739 | J33: 0.14 | K33: 15 | L33: 2026-02-02 07:20:00 UTC
A34: 204 | B34: California | C34: BNS | D34: Bolinas | E34: 2026-02-01 23:25:00 PST | F34: 2026-02-02 04:25:00 PST | G34: 37.903 | H34: -122.686 | I34: 4.1648636 | J34: 0.13 | K34: 15 | L34: 2026-02-02 07:25:00 UTC
A35: 205 | B35: California | C35: BLN | D35: Bolinas Lagoon | E35: 2026-02-01 23:25:00 PST | F35: 2026-02-02 04:25:00 PST | G35: 37.908 | H35: -122.679 | I35: 3.7055747 | J35: 0.09 | K35: 9 | L35: 2026-02-02 07:25:00 UTC
A36: 207 | B36: California | C36: PAC | D36: Pacifica | E36: 2026-02-01 23:25:00 PST | F36: 2026-02-02 04:25:00 PST | G36: 37.63 | H36: -122.5 | I36: 5.4929657 | J36: 0.16 | K36: 15 | L36: 2026-02-02 07:25:00 UTC
A37: 208 | B37: California | C37: PCC | D37: Point Conception | E37: 2026-02-01 23:30:00 PST | F37: 2026-02-02 04:30:00 PST | G37: 34.449 | H37: -120.473 | L37: 2026-02-02 07:30:00 UTC
A38: 209 | B38: California | C38: STB | D38: Stinson Beach | E38: 2026-02-01 23:30:00 PST | F38: 2026-02-02 04:30:00 PST | G38: 37.895 | H38: -122.643 | I38: 3.5556809 | J38: 0.11 | K38: 9 | L38: 2026-02-02 07:30:00 UTC
A39: 210 | B39: California | C39: DIC | D39: Diablo Canyon | E39: 2026-02-01 23:30:00 PST | F39: 2026-02-02 04:30:00 PST | G39: 35.205 | H39: -120.858 | I39: 2.8865636 | J39: 0.1 | K39: 9 | L39: 2026-02-02 07:30:00 UTC
A40: 211 | B40: California | C40: MOR | D40: Morro Bay | E40: 2026-02-01 23:30:00 PST | F40: 2026-02-02 04:30:00 PST | G40: 35.37 | H40: -120.87 | I40: 4.2132085 | J40: 0.12 | K40: 15 | L40: 2026-02-02 07:30:00 UTC
A41: 212 | B41: California | C41: SUF | D41: Surf | E41: 2026-02-01 23:35:00 PST | F41: 2026-02-02 04:35:00 PST | G41: 34.68 | H41: -120.62 | I41: 3.1519312 | J41: 0.11 | K41: 9 | L41: 2026-02-02 07:35:00 UTC
A42: 213 | B42: California | C42: PSL | D42: Port San Luis | E42: 2026-02-01 23:35:00 PST | F42: 2026-02-02 04:35:00 PST | G42: 35.16 | H42: -120.763 | I42: 9.0066817 | J42: 0.26 | K42: 24 | L42: 2026-02-02 07:35:00 UTC
A43: 214 | B43: California | C43: GAV | D43: Gaviota | E43: 2026-02-01 23:35:00 PST | F43: 2026-02-02 04:35:00 PST | G43: 34.47 | H43: -120.22 | I43: 1.1823234 | J43: 0.04 | K43: 0 | L43: 2026-02-02 07:35:00 UTC
A44: 215 | B44: California | C44: OCB | D44: Ocean Beach | E44: 2026-02-01 23:35:00 PST | F44: 2026-02-02 04:35:00 PST | G44: 37.77 | H44: -122.51 | I44: 2.5772233 | J44: 0.1 | K44: 9 | L44: 2026-02-02 07:35:00 UTC
A45: 217 | B45: California | C45: PBE | D45: Pismo Beach | E45: 2026-02-01 23:40:00 PST | F45: 2026-02-02 04:40:00 PST | G45: 35.14 | H45: -120.65 | I45: 6.1390417 | J45: 0.19 | K45: 20 | L45: 2026-02-02 07:40:00 UTC
A46: 218 | B46: California | C46: LIO | D46: Lions Head | E46: 2026-02-01 23:40:00 PST | F46: 2026-02-02 04:40:00 PST | G46: 34.87 | H46: -120.62 | I46: 2.9587761 | J46: 0.11 | K46: 9 | L46: 2026-02-02 07:40:00 UTC
A47: 220 | B47: California | C47: FPT | D47: Fort Point | E47: 2026-02-01 23:40:00 PST | F47: 2026-02-02 04:40:00 PST | G47: 37.81 | H47: -122.48 | L47: 2026-02-02 07:40:00 UTC
A48: 222 | B48: California | C48: SFC | D48: San Francisco | E48: 2026-02-01 23:40:00 PST | F48: 2026-02-02 04:40:00 PST | G48: 37.81 | H48: -122.48 | I48: 2.1465626 | J48: 0.06 | K48: 0 | L48: 2026-02-02 07:40:00 UTC
A49: 223 | B49: California | C49: NPL | D49: Naples | E49: 2026-02-01 23:40:00 PST | F49: 2026-02-02 04:40:00 PST | G49: 34.43 | H49: -119.95 | I49: 1.3233431 | J49: 0.04 | K49: 0 | L49: 2026-02-02 07:40:00 UTC
A50: 224 | B50: California | C50: SCI | D50: Santa Cruz Island | E50: 2026-02-01 23:40:00 PST | F50: 2026-02-02 04:40:00 PST | G50: 33.95 | H50: -119.75 | I50: 0.70433449 | J50: 0.02 | K50: 0 | L50: 2026-02-02 07:40:00 UTC
A51: 225 | B51: California | C51: SBB | D51: Santa Barbara | E51: 2026-02-01 23:45:00 PST | F51: 2026-02-02 04:45:00 PST | G51: 34.4 | H51: -119.7 | I51: 2.689042 | J51: 0.08 | K51: 0 | L51: 2026-02-02 07:45:00 UTC
A52: 226 | B52: California | C52: GLT | D52: Goleta | E52: 2026-02-01 23:45:00 PST | F52: 2026-02-02 04:45:00 PST | G52: 34.414 | H52: -119.829 | I52: 1.6743757 | J52: 0.05 | K52: 0 | L52: 2026-02-02 07:45:00 UTC
A53: 227 | B53: California | C53: SAU | D53: Sausalito | E53: 2026-02-01 23:45:00 PST | F53: 2026-02-02 04:45:00 PST | G53: 37.86 | H53: -122.48 | I53: 1.863594 | J53: 0.05 | K53: 0 | L53: 2026-02-02 07:45:00 UTC
A54: 229 | B54: California | C54: TIM | D54: Treasure Island Marina | E54: 2026-02-01 23:45:00 PST | F54: 2026-02-02 04:45:00 PST | G54: 37.816 | H54: -122.37 | I54: 2.4675824 | J54: 0.08 | K54: 0 | L54: 2026-02-02 07:45:00 UTC
A55: 230 | B55: California | C55: CIH | D55: Channel Islands Harbor | E55: 2026-02-01 23:50:00 PST | F55: 2026-02-02 04:50:00 PST | G55: 34.154 | H55: -119.229 | I55: 1.5296515 | J55: 0.04 | K55: 0 | L55: 2026-02-02 07:50:00 UTC
A56: 231 | B56: California | C56: PHM | D56: Port Hueneme | E56: 2026-02-01 23:50:00 PST | F56: 2026-02-02 04:50:00 PST | G56: 34.144 | H56: -119.214 | I56: 1.353431 | J56: 0.04 | K56: 0 | L56: 2026-02-02 07:50:00 UTC
A57: 233 | B57: California | C57: NSI | D57: North San Clemente Is. | E57: 2026-02-01 23:50:00 PST | F57: 2026-02-02 04:50:00 PST | G57: 33.023 | H57: -118.609 | I57: 0.95695837 | J57: 0.03 | K57: 0 | L57: 2026-02-02 07:50:00 UTC
A58: 235 | B58: California | C58: RID | D58: Richmond | E58: 2026-02-01 23:50:00 PST | F58: 2026-02-02 04:50:00 PST | G58: 37.928 | H58: -122.4 | I58: 2.5188487 | J58: 0.08 | K58: 0 | L58: 2026-02-02 07:50:00 UTC
A59: 237 | B59: California | C59: CRP | D59: Carpinteria | E59: 2026-02-01 23:55:00 PST | F59: 2026-02-02 04:55:00 PST | G59: 34.38 | H59: -119.52 | I59: 1.3338042 | J59: 0.04 | K59: 0 | L59: 2026-02-02 07:55:00 UTC
... A68: 247 | B68: California | C68: RBE | D68: Redondo Beach | E68: 2026-02-02 00:00:00 PST | F68: 2026-02-02 05:00:00 PST | G68: 33.85 | H68: -118.4 | I68: 0.89315864 | J68: 0.03 | K68: 0 | L68: 2026-02-02 08:00:00 UTC
A69: 248 | B69: California | C69: RIP | D69: Rincon Point | E69: 2026-02-02 00:00:00 PST | F69: 2026-02-02 05:00:00 PST | G69: 34.372 | H69: -119.478 | L69: 2026-02-02 08:00:00 UTC
A70: 249 | B70: California | C70: VEN | D70: Ventura | E70: 2026-02-02 00:05:00 PST | F70: 2026-02-02 05:05:00 PST | G70: 34.252 | H70: -119.267 | I70: 2.0647647 | J70: 0.06 | K70: 0 | L70: 2026-02-02 08:05:00 UTC
A71: 251 | B71: California | C71: MHR | D71: Middle Harbor | E71: 2026-02-02 00:10:00 PST | F71: 2026-02-02 05:10:00 PST | G71: 33.75 | H71: -118.23 | I71: 2.9638336 | J71: 0.08 | K71: 0 | L71: 2026-02-02 08:10:00 UTC
A72: 253 | B72: California | C72: SON | D72: Orange/San Diego Line | E72: 2026-02-02 00:10:00 PST | F72: 2026-02-02 05:10:00 PST | G72: 33.385 | H72: -117.596 | L72: 2026-02-02 08:10:00 UTC
A73: 254 | B73: California | C73: MSB | D73: Mission Bay | E73: 2026-02-02 00:10:00 PST | F73: 2026-02-02 05:10:00 PST | G73: 32.766 | H73: -117.258 | I73: 1.8223124 | J73: 0.06 | K73: 0 | L73: 2026-02-02 08:10:00 UTC
A74: 255 | B74: California | C74: ENC | D74: Encinitas | E74: 2026-02-02 00:10:00 PST | F74: 2026-02-02 05:10:00 PST | G74: 33.03 | H74: -117.3 | I74: 1.5326501 | J74: 0.05 | K74: 0 | L74: 2026-02-02 08:10:00 UTC
A75: 257 | B75: California | C75: NPB | D75: Newport Beach | E75: 2026-02-02 00:10:00 PST | F75: 2026-02-02 05:10:00 PST | G75: 33.614 | H75: -117.938 | I75: 0.89735297 | J75: 0.03 | K75: 0 | L75: 2026-02-02 08:10:00 UTC
A76: 259 | B76: California | C76: DPT | D76: Dana Point | E76: 2026-02-02 00:10:00 PST | F76: 2026-02-02 05:10:00 PST | G76: 33.455 | H76: -117.69 | I76: 1.121432 | J76: 0.04 | K76: 0 | L76: 2026-02-02 08:10:00 UTC
A77: 260 | B77: California | C77: LAJ | D77: La Jolla | E77: 2026-02-02 00:10:00 PST | F77: 2026-02-02 05:10:00 PST | G77: 32.85 | H77: -117.27 | I77: 1.5453516 | J77: 0.06 | K77: 0 | L77: 2026-02-02 08:10:00 UTC
A78: 261 | B78: California | C78: LGU | D78: Laguna Beach | E78: 2026-02-02 00:10:00 PST | F78: 2026-02-02 05:10:00 PST | G78: 33.53 | H78: -117.78 | I78: 1.1262442 | J78: 0.03 | K78: 0 | L78: 2026-02-02 08:10:00 UTC
A79: 262 | B79: California | C79: HUN | D79: Huntington Beach | E79: 2026-02-02 00:10:00 PST | F79: 2026-02-02 05:10:00 PST | G79: 33.65 | H79: -118 | I79: 1.8240672 | J79: 0.06 | K79: 0 | L79: 2026-02-02 08:10:00 UTC
A80: 263 | B80: California | C80: POL | D80: Point Loma | E80: 2026-02-02 00:15:00 PST | F80: 2026-02-02 05:15:00 PST | G80: 32.66 | H80: -117.24 | I80: 1.525638 | J80: 0.06 | K80: 0 | L80: 2026-02-02 08:15:00 UTC
A81: 266 | B81: California | C81: SDE | D81: San Diego Harbor Ent. | E81: 2026-02-02 00:15:00 PST | F81: 2026-02-02 05:15:00 PST | G81: 32.68 | H81: -117.23 | I81: 2.4777512 | J81: 0.08 | K81: 0 | L81: 2026-02-02 08:15:00 UTC
A82: 267 | B82: California | C82: LGB | D82: Long Beach | E82: 2026-02-02 00:15:00 PST | F82: 2026-02-02 05:15:00 PST | G82: 33.757 | H82: -118.155 | I82: 2.0082483 | J82: 0.07 | K82: 0 | L82: 2026-02-02 08:15:00 UTC
A83: 268 | B83: California | C83: ONS | D83: Oceanside | E83: 2026-02-02 00:15:00 PST | F83: 2026-02-02 05:15:00 PST | G83: 33.204 | H83: -117.401 | I83: 2.2722515 | J83: 0.06 | K83: 0 | L83: 2026-02-02 08:15:00 UTC
A84: 269 | B84: California | C84: BPT | D84: Ballast Point | E84: 2026-02-02 00:15:00 PST | F84: 2026-02-02 05:15:00 PST | G84: 32.68 | H84: -117.23 | I84: 2.2561114 | J84: 0.08 | K84: 0 | L84: 2026-02-02 08:15:00 UTC
... A91: 281 | B91: California | C91: MRE | D91: Mare Island | E91: 2026-02-02 00:30:00 PST | F91: 2026-02-02 05:30:00 PST | G91: 38.07 | H91: -122.25 | I91: 2.4200194 | J91: 0.08 | K91: 0 | L91: 2026-02-02 08:30:00 UTC
A92: 282 | B92: California | C92: PSM | D92: Port Sonoma Marina | E92: 2026-02-02 00:35:00 PST | F92: 2026-02-02 05:35:00 PST | G92: 38.105 | H92: -122.476 | L92: 2026-02-02 08:35:00 UTC
A93: 284 | B93: California | C93: PCO | D93: Port Chicago | E93: 2026-02-02 00:35:00 PST | F93: 2026-02-02 05:35:00 PST | G93: 38.057 | H93: -122.038 | L93: 2026-02-02 08:35:00 UTC
A94: 285 | B94: California | C94: SCL | D94: San Carlos | E94: 2026-02-02 00:40:00 PST | F94: 2026-02-02 05:40:00 PST | G94: 37.556 | H94: -122.206 | I94: 1.4039628 | J94: 0.04 | K94: 0 | L94: 2026-02-02 08:40:00 UTC
A95: 286 | B95: California | C95: RCI | D95: Redwood City | E95: 2026-02-02 00:45:00 PST | F95: 2026-02-02 05:45:00 PST | G95: 37.507 | H95: -122.21 | I95: 0.68775307 | J95: 0.02 | K95: 0 | L95: 2026-02-02 08:45:00 UTC
A96: 289 | B96: California | C96: AVO | D96: Alviso | E96: 2026-02-02 01:10:00 PST | F96: 2026-02-02 06:10:00 PST | G96: 37.465 | H96: -122.062 | I96: 1.0810731 | J96: 0.04 | K96: 0 | L96: 2026-02-02 09:10:00 UTC

Sheet (2) ETSS_Picks_by_FA_Locations
L1: For CGS/NWS/Cal OES Use Only
A2: INITIAL TSUNAMI RESPONSE DECISION SUPPORT INFORMATION | L2: Instructions:
A3: county | B3: site | C3: siteCode | D3: station_id | E3: ETA_Pacific | F3: ETA_plus_5h_Pacific | G3: max_tide_m_MSL | H3: max_tide_time_Pacific | I3: max_surge_m | J3: max_surge_time_Pacific | L3: Run the py script "Step_02_Export_Tab2_ETSS_Picks_v01.py" and paste only values here (grey box to the left ). If the formatting changes in the grey box, undo the paste and try again to only paste values so that there are no downstream effects.
A4: Alameda | B4: Fremont | C4: AVO | D4: 9414523 | E4: 2026-02-02 01:10 PST | F4: 2026-02-02 06:10 PST | G4: 0.9675 | H4: 2026-02-02 01:12 PST | I4: 0.0914 | J4: 2026-02-02 03:00 PST
A5: Alameda | B5: Hayward | C5: SCL | D5: 9414523 | E5: 2026-02-02 00:40 PST | F5: 2026-02-02 05:40 PST | G5: 0.9684 | H5: 2026-02-02 01:06 PST | I5: 0.0914 | J5: 2026-02-02 01:00 PST
A6: Alameda | B6: Alameda | C6: ALA | D6: 9414750 | E6: 2026-02-01 23:55 PST | F6: 2026-02-02 04:55 PST | G6: 0.7793 | H6: 2026-02-02 00:42 PST | I6: 0.061 | J6: 2026-02-02 00:00 PST
A7: Alameda | B7: Bayfarm Island Airport | C7: ALA | D7: 9414750 | E7: 2026-02-01 23:55 PST | F7: 2026-02-02 04:55 PST | G7: 0.7793 | H7: 2026-02-02 00:42 PST | I7: 0.061 | J7: 2026-02-02 00:00 PST
A8: Alameda | B8: Oakland Outer Harbor | C8: OOH | D8: 9414750 | E8: 2026-02-01 23:55 PST | F8: 2026-02-02 04:55 PST | G8: 0.7793 | H8: 2026-02-02 00:42 PST | I8: 0.061 | J8: 2026-02-02 00:00 PST
A9: Alameda | B9: San Leandro | C9: SCL | D9: 9414750 | E9: 2026-02-02 00:40 PST | F9: 2026-02-02 05:40 PST | G9: 0.7793 | H9: 2026-02-02 00:42 PST | I9: 0.061 | J9: 2026-02-02 01:00 PST
A10: Alameda | B10: San Lorenzo | C10: SCL | D10: 9414750 | E10: 2026-02-02 00:40 PST | F10: 2026-02-02 05:40 PST | G10: 0.7793 | H10: 2026-02-02 00:42 PST | I10: 0.061 | J10: 2026-02-02 01:00 PST
A11: Alameda | B11: Albany | C11: RID | D11: 9414863 | E11: 2026-02-01 23:50 PST | F11: 2026-02-02 04:50 PST | G11: 0.6912 | H11: 2026-02-02 00:48 PST | I11: 0.0914 | J11: 2026-02-02 01:00 PST
A12: Alameda | B12: Berkeley | C12: RID | D12: 9414863 | E12: 2026-02-01 23:50 PST | F12: 2026-02-02 04:50 PST | G12: 0.6912 | H12: 2026-02-02 00:48 PST | I12: 0.0914 | J12: 2026-02-02 01:00 PST
A13: Alameda | B13: Emeryville | C13: RID | D13: 9414863 | E13: 2026-02-01 23:50 PST | F13: 2026-02-02 04:50 PST | G13: 0.6912 | H13: 2026-02-02 00:48 PST | I13: 0.0914 | J13: 2026-02-02 01:00 PST
A14: Contra Costa | B14: North Richmond | C14: RID | D14: 9414863 | E14: 2026-02-01 23:50 PST | F14: 2026-02-02 04:50 PST | G14: 0.6912 | H14: 2026-02-02 00:48 PST | I14: 0.0914 | J14: 2026-02-02 01:00 PST
A15: Contra Costa | B15: Point Richmond | C15: RID | D15: 9414863 | E15: 2026-02-01 23:50 PST | F15: 2026-02-02 04:50 PST | G15: 0.6912 | H15: 2026-02-02 00:48 PST | I15: 0.0914 | J15: 2026-02-02 01:00 PST
... A24: Contra Costa | B24: Point Pinole | C24: MRE | D24: 9415102 | E24: 2026-02-02 00:30 PST | F24: 2026-02-02 05:30 PST | G24: 0.5701 | H24: 2026-02-02 02:12 PST | I24: 0.1219 | J24: 2026-02-02 01:00 PST
A25: Del Norte | B25: CA/OR border | C25: BKG | D25: 9419750 | E25: 2026-02-01 22:50 PST | F25: 2026-02-02 03:50 PST | G25: 0.8664 | H25: 2026-02-02 00:06 PST | I25: 0.0305 | J25: 2026-02-01 23:00 PST | L25: Make sure to paste all cells (including header info) into A1; see example screenshot below).
A26: Del Norte | B26: Smith River | C26: BKG | D26: 9419750 | E26: 2026-02-01 22:50 PST | F26: 2026-02-02 03:50 PST | G26: 0.8664 | H26: 2026-02-02 00:06 PST | I26: 0.0305 | J26: 2026-02-01 23:00 PST
A27: Del Norte | B27: Crescent City | C27: CRE | D27: 9419750 | E27: 2026-02-01 22:50 PST | F27: 2026-02-02 03:50 PST | G27: 0.8664 | H27: 2026-02-02 00:06 PST | I27: 0.0305 | J27: 2026-02-01 23:00 PST
A28: Del Norte | B28: Lagoon | C28: KRM | D28: 9419750 | E28: 2026-02-01 23:00 PST | F28: 2026-02-02 04:00 PST | G28: 0.8664 | H28: 2026-02-02 00:06 PST | I28: 0.0305 | J28: 2026-02-01 23:00 PST
A29: Del Norte | B29: Klamath | C29: KRM | D29: 9419750 | E29: 2026-02-01 23:00 PST | F29: 2026-02-02 04:00 PST | G29: 0.8664 | H29: 2026-02-02 00:06 PST | I29: 0.0305 | J29: 2026-02-01 23:00 PST
A30: Humboldt | B30: Arcata | C30: EUR | D30: 9418767 | E30: 2026-02-01 22:55 PST | F30: 2026-02-02 03:55 PST | G30: 0.7852 | H30: 2026-02-02 00:24 PST | I30: 0.061 | J30: 2026-02-02 03:00 PST
A31: Humboldt | B31: Eureka | C31: EUR | D31: 9418767 | E31: 2026-02-01 22:55 PST | F31: 2026-02-02 03:55 PST | G31: 0.7852 | H31: 2026-02-02 00:24 PST | I31: 0.061 | J31: 2026-02-02 03:00 PST
A32: Humboldt | B32: Humboldt Bay | C32: HBB | D32: 9418767 | E32: 2026-02-01 22:50 PST | F32: 2026-02-02 03:50 PST | G32: 0.7852 | H32: 2026-02-02 00:24 PST | I32: 0.061 | J32: 2026-02-02 03:00 PST
A33: Humboldt | B33: King Salmon | C33: HBB | D33: 9418767 | E33: 2026-02-01 22:50 PST | F33: 2026-02-02 03:50 PST | G33: 0.7852 | H33: 2026-02-02 00:24 PST | I33: 0.061 | J33: 2026-02-02 03:00 PST
A34: Humboldt | B34: Shelter Cove | C34: LCS | D34: 9418767 | E34: 2026-02-01 22:45 PST | F34: 2026-02-02 03:45 PST | G34: 0.7852 | H34: 2026-02-02 00:24 PST | I34: 0.061 | J34: 2026-02-02 03:00 PST
A35: Humboldt | B35: North Spit coast | C35: NSC | D35: 9418767 | E35: 2026-02-01 22:55 PST | F35: 2026-02-02 03:55 PST | G35: 0.7852 | H35: 2026-02-02 00:24 PST | I35: 0.061 | J35: 2026-02-02 03:00 PST
A36: Humboldt | B36: South Spit coast | C36: SSP | D36: 9418767 | E36: 2026-02-01 22:50 PST | F36: 2026-02-02 03:50 PST | G36: 0.7852 | H36: 2026-02-02 00:24 PST | I36: 0.061 | J36: 2026-02-02 03:00 PST
A37: Humboldt | B37: Ferndale | C37: SSP | D37: 9418767 | E37: 2026-02-01 22:50 PST | F37: 2026-02-02 03:50 PST | G37: 0.7852 | H37: 2026-02-02 00:24 PST | I37: 0.061 | J37: 2026-02-02 03:00 PST
... A195: Ventura | B195: Ventura Harbor | C195: VEN | D195: 9411340 | E195: 2026-02-02 00:05 PST | F195: 2026-02-02 05:05 PST | G195: 0.144 | H195: 2026-02-02 00:06 PST | I195: 0.2438 | J195: 2026-02-02 01:00 PST

Sheet (3) Calc Values by siteCode
A1: For CGS/NWS/Cal OES Use Only | N1: Red numbers = input real-time data
A2: County | B2: Coastal Community (QC Names) | C2: TEX_siteName | D2: TEX_siteCode (used to parse FA in TEX file) | E2: Closest NOAA Station (KEY for Xlookup) (NEED TO QC) | F2: Forecast Amplitude, given and projected (meters MSL) | G2: Max. Tidal Height within 5 hours of Tsunami ETA (meters MSL) | H2: Storm/ambient conditions peak in preceding 24-hours (meters MSL) | I2: Error in forecast amplitudes (30% of forecast amplitude; in meters) | J2: Anticipated tsunami height first 5 hours (meters MSL) | K2: Runup potential factor per location (applied if inudation expected) | L2: Runup potential per location | M2: Anticipated tsunami height first 5 hours, if inundation expected (meters MSL) | N2: NOAA Tide Gauge Name | O2: QC Check | P2: NOAA Tides & Currents Weblink
A3: Del Norte | B3: CA/OR border | C3: *NA | D3: BKG | E3: 9419750 | F3: 0.35 | G3: =_xlfn.XLOOKUP($B3,'(2) ETSS_Picks_by_FA_Locations'!$B$4:$B$195,'(2) ETSS_Picks_by_FA_Locations'!$G$4:$G$195,"ERROR",0,1) -> 0.8664 | H3: =_xlfn.XLOOKUP($B3,'(2) ETSS_Picks_by_FA_Locations'!$B$4:$B$195,'(2) ETSS_Picks_by_FA_Locations'!$I$4:$I$195,"ERROR",0,1) -> 0.0305 | I3: =0.3*(F3) -> 0.105 | J3: =SUM(F3:I3) -> 1.3519 | K3: 0.2 | L3: =K3*J3 -> 0.27038 | M3: =SUM(J3,L3) -> 1.62228 | N3: 9419750 | O3: =IF(E3=N3, "-", "ERROR") -> -
A4: Del Norte | B4: Smith River | C4: *NA | D4: BKG | E4: 9419750 | F4: =F3 -> 0.35 | G4: =_xlfn.XLOOKUP($B4,'(2) ETSS_Picks_by_FA_Locations'!$B$4:$B$195,'(2) ETSS_Picks_by_FA_Locations'!$G$4:$G$195,"ERROR",0,1) -> 0.8664 | H4: =_xlfn.XLOOKUP($B4,'(2) ETSS_Picks_by_FA_Locations'!$B$4:$B$195,'(2) ETSS_Picks_by_FA_Locations'!$I$4:$I$195,"ERROR",0,1) -> 0.0305 | I4: =0.3*(F4) -> 0.105 | J4: =SUM(F4:I4) -> 1.3519 | K4: 0.1 | L4: =K4*J4 -> 0.13519 | M4: =SUM(J4,L4) -> 1.48709 | N4: 9419750 | O4: =IF(E4=N4, "-", "ERROR") -> - | P4: Crescent City
A5: Del Norte | B5: Crescent City | C5: =_xlfn.XLOOKUP(D5,'(1) Paste CA TEX Values'!$C$2:$C$96,'(1) Paste CA TEX Values'!$D$2:$D$96,"ERROR",0,1) -> Crescent City | D5: CRE | E5: 9419750 | F5: =_xlfn.XLOOKUP($D5,'(1) Paste CA TEX Values'!$C$1:$C$96, '(1) Paste CA TEX Values'!$I$1:$I$96, "ERROR",0,1) -> 13.187217 | G5: =_xlfn.XLOOKUP($B5,'(2) ETSS_Picks_by_FA_Locations'!$B$4:$B$195,'(2) ETSS_Picks_by_FA_Locations'!$G$4:$G$195,"ERROR",0,1) -> 0.8664 | H5: =_xlfn.XLOOKUP($B5,'(2) ETSS_Picks_by_FA_Locations'!$B$4:$B$195,'(2) ETSS_Picks_by_FA_Locations'!$I$4:$I$195,"ERROR",0,1) -> 0.0305 | I5: =0.3*(F5) -> 3.956165 | J5: =SUM(F5:I5) -> 18.040282 | K5: 0.2 | L5: =K5*J5 -> 3.6080563 | M5: =SUM(J5,L5) -> 21.648338 | N5: 9419750 | O5: =IF(E5=N5, "-", "ERROR") -> - | P5: https://tidesandcurrents.noaa.gov/waterlevels.html?id=9419750&units=metric&timezone=LST/LDT&datum=MSL&interval=6&action=
A6: Del Norte | B6: Lagoon | C6: =_xlfn.XLOOKUP(D6,'(1) Paste CA TEX Values'!$C$2:$C$96,'(1) Paste CA TEX Values'!$D$2:$D$96,"ERROR",0,1) -> Klamath River Mouth | D6: KRM | E6: 9419750 | F6: =_xlfn.XLOOKUP($D6,'(1) Paste CA TEX Values'!$C$1:$C$96, '(1) Paste CA TEX Values'!$I$1:$I$96, "ERROR",0,1) -> 8.0583448 | G6: =_xlfn.XLOOKUP($B6,'(2) ETSS_Picks_by_FA_Locations'!$B$4:$B$195,'(2) ETSS_Picks_by_FA_Locations'!$G$4:$G$195,"ERROR",0,1) -> 0.8664 | H6: =_xlfn.XLOOKUP($B6,'(2) ETSS_Picks_by_FA_Locations'!$B$4:$B$195,'(2) ETSS_Picks_by_FA_Locations'!$I$4:$I$195,"ERROR",0,1) -> 0.0305 | I6: =0.3*(F6) -> 2.4175034 | J6: =SUM(F6:I6) -> 11.372748 | K6: 0.1 | L6: =K6*J6 -> 1.1372748 | M6: =SUM(J6,L6) -> 12.510023 | N6: 9419750 | O6: =IF(E6=N6, "-", "ERROR") -> -
A7: Del Norte | B7: Klamath | C7: =_xlfn.XLOOKUP(D7,'(1) Paste CA TEX Values'!$C$2:$C$96,'(1) Paste CA TEX Values'!$D$2:$D$96,"ERROR",0,1) -> Klamath River Mouth | D7: KRM | E7: 9419750 | F7: =_xlfn.XLOOKUP($D7,'(1) Paste CA TEX Values'!$C$1:$C$96, '(1) Paste CA TEX Values'!$I$1:$I$96, "ERROR",0,1) -> 8.0583448 | G7: =_xlfn.XLOOKUP($B7,'(2) ETSS_Picks_by_FA_Locations'!$B$4:$B$195,'(2) ETSS_Picks_by_FA_Locations'!$G$4:$G$195,"ERROR",0,1) -> 0.8664 | H7: =_xlfn.XLOOKUP($B7,'(2) ETSS_Picks_by_FA_Locations'!$B$4:$B$195,'(2) ETSS_Picks_by_FA_Locations'!$I$4:$I$195,"ERROR",0,1) -> 0.0305 | I7: =0.3*(F7) -> 2.4175034 | J7: =SUM(F7:I7) -> 11.372748 | K7: 0.1 | L7: =K7*J7 -> 1.1372748 | M7: =SUM(J7,L7) -> 12.510023 | N7: 9419750 | O7: =IF(E7=N7, "-", "ERROR") -> -
A8: Humboldt | B8: Orick-Redwood Cr. | C8: =_xlfn.XLOOKUP(D8,'(1) Paste CA TEX Values'!$C$2:$C$96,'(1) Paste CA TEX Values'!$D$2:$D$96,"ERROR",0,1) -> Trinidad | D8: TND | E8: 9418767 | F8: =_xlfn.XLOOKUP($D8,'(1) Paste CA TEX Values'!$C$1:$C$96, '(1) Paste CA TEX Values'!$I$1:$I$96, "ERROR",0,1) -> 7.2664676 | G8: =_xlfn.XLOOKUP($B8,'(2) ETSS_Picks_by_FA_Locations'!$B$4:$B$195,'(2) ETSS_Picks_by_FA_Locations'!$G$4:$G$195,"ERROR",0,1) -> 0.7852 | H8: =_xlfn.XLOOKUP($B8,'(2) ETSS_Picks_by_FA_Locations'!$B$4:$B$195,'(2) ETSS_Picks_by_FA_Locations'!$I$4:$I$195,"ERROR",0,1) -> 0.061 | I8: =0.3*(F8) -> 2.1799403 | J8: =SUM(F8:I8) -> 10.292608 | K8: 0.2 | L8: =K8*J8 -> 2.0585216 | M8: =SUM(J8,L8) -> 12.35113 | N8: 9418767 | O8: =IF(E8=N8, "-", "ERROR") -> -
A9: Humboldt | B9: Big Lagoon | C9: =_xlfn.XLOOKUP(D9,'(1) Paste CA TEX Values'!$C$2:$C$96,'(1) Paste CA TEX Values'!$D$2:$D$96,"ERROR",0,1) -> Trinidad | D9: TND | E9: 9418767 | F9: =_xlfn.XLOOKUP($D9,'(1) Paste CA TEX Values'!$C$1:$C$96, '(1) Paste CA TEX Values'!$I$1:$I$96, "ERROR",0,1) -> 7.2664676 | G9: =_xlfn.XLOOKUP($B9,'(2) ETSS_Picks_by_FA_Locations'!$B$4:$B$195,'(2) ETSS_Picks_by_FA_Locations'!$G$4:$G$195,"ERROR",0,1) -> 0.7852 | H9: =_xlfn.XLOOKUP($B9,'(2) ETSS_Picks_by_FA_Locations'!$B$4:$B$195,'(2) ETSS_Picks_by_FA_Locations'!$I$4:$I$195,"ERROR",0,1) -> 0.061 | I9: =0.3*(F9) -> 2.1799403 | J9: =SUM(F9:I9) -> 10.292608 | K9: 0.1 | L9: =K9*J9 -> 1.0292608 | M9: =SUM(J9,L9) -> 11.321869 | N9: 9418767 | O9: =IF(E9=N9, "-", "ERROR") -> -
A10: Humboldt | B10: Trinidad | C10: =_xlfn.XLOOKUP(D10,'(1) Paste CA TEX Values'!$C$2:$C$96,'(1) Paste CA TEX Values'!$D$2:$D$96,"ERROR",0,1) -> Trinidad | D10: TND | E10: 9418767 | F10: =_xlfn.XLOOKUP($D10,'(1) Paste CA TEX Values'!$C$1:$C$96, '(1) Paste CA TEX Values'!$I$1:$I$96, "ERROR",0,1) -> 7.2664676 | G10: =_xlfn.XLOOKUP($B10,'(2) ETSS_Picks_by_FA_Locations'!$B$4:$B$195,'(2) ETSS_Picks_by_FA_Locations'!$G$4:$G$195,"ERROR",0,1) -> 0.7852 | H10: =_xlfn.XLOOKUP($B10,'(2) ETSS_Picks_by_FA_Locations'!$B$4:$B$195,'(2) ETSS_Picks_by_FA_Locations'!$I$4:$I$195,"ERROR",0,1) -> 0.061 | I10: =0.3*(F10) -> 2.1799403 | J10: =SUM(F10:I10) -> 10.292608 | K10: 0.2 | L10: =K10*J10 -> 2.0585216 | M10: =SUM(J10,L10) -> 12.35113 | N10: 9418767 | O10: =IF(E10=N10, "-", "ERROR") -> - | P10: North Spit
A11: Humboldt | B11: North Spit coast | C11: =_xlfn.XLOOKUP(D11,'(1) Paste CA TEX Values'!$C$2:$C$96,'(1) Paste CA TEX Values'!$D$2:$D$96,"ERROR",0,1) -> North Spit coast | D11: NSC | E11: 9418767 | F11: =_xlfn.XLOOKUP($D11,'(1) Paste CA TEX Values'!$C$1:$C$96, '(1) Paste CA TEX Values'!$I$1:$I$96, "ERROR",0,1) -> 6.815402 | G11: =_xlfn.XLOOKUP($B11,'(2) ETSS_Picks_by_FA_Locations'!$B$4:$B$195,'(2) ETSS_Picks_by_FA_Locations'!$G$4:$G$195,"ERROR",0,1) -> 0.7852 | H11: =_xlfn.XLOOKUP($B11,'(2) ETSS_Picks_by_FA_Locations'!$B$4:$B$195,'(2) ETSS_Picks_by_FA_Locations'!$I$4:$I$195,"ERROR",0,1) -> 0.061 | I11: =0.3*(F11) -> 2.0446206 | J11: =SUM(F11:I11) -> 9.7062226 | K11: 0.1 | L11: =K11*J11 -> 0.97062226 | M11: =SUM(J11,L11) -> 10.676845 | N11: 9418767 | O11: =IF(E11=N11, "-", "ERROR") -> - | P11: https://tidesandcurrents.noaa.gov/waterlevels.html?id=9418767&units=metric&timezone=LST/LDT&datum=MSL&interval=6&action=
A12: Humboldt | B12: Arcata | C12: =_xlfn.XLOOKUP(D12,'(1) Paste CA TEX Values'!$C$2:$C$96,'(1) Paste CA TEX Values'!$D$2:$D$96,"ERROR",0,1) -> Eureka | D12: EUR | E12: 9418767 | F12: =_xlfn.XLOOKUP($D12,'(1) Paste CA TEX Values'!$C$1:$C$96, '(1) Paste CA TEX Values'!$I$1:$I$96, "ERROR",0,1) -> 2.8423485 | G12: =_xlfn.XLOOKUP($B12,'(2) ETSS_Picks_by_FA_Locations'!$B$4:$B$195,'(2) ETSS_Picks_by_FA_Locations'!$G$4:$G$195,"ERROR",0,1) -> 0.7852 | H12: =_xlfn.XLOOKUP($B12,'(2) ETSS_Picks_by_FA_Locations'!$B$4:$B$195,'(2) ETSS_Picks_by_FA_Locations'!$I$4:$I$195,"ERROR",0,1) -> 0.061 | I12: =0.3*(F12) -> 0.85270456 | J12: =SUM(F12:I12) -> 4.5412531 | K12: 0.1 | L12: =K12*J12 -> 0.45412531 | M12: =SUM(J12,L12) -> 4.9953784 | N12: 9418767 | O12: =IF(E12=N12, "-", "ERROR") -> -
A13: Humboldt | B13: Eureka | C13: =_xlfn.XLOOKUP(D13,'(1) Paste CA TEX Values'!$C$2:$C$96,'(1) Paste CA TEX Values'!$D$2:$D$96,"ERROR",0,1) -> Eureka | D13: EUR | E13: 9418767 | F13: =_xlfn.XLOOKUP($D13,'(1) Paste CA TEX Values'!$C$1:$C$96, '(1) Paste CA TEX Values'!$I$1:$I$96, "ERROR",0,1) -> 2.8423485 | G13: =_xlfn.XLOOKUP($B13,'(2) ETSS_Picks_by_FA_Locations'!$B$4:$B$195,'(2) ETSS_Picks_by_FA_Locations'!$G$4:$G$195,"ERROR",0,1) -> 0.7852 | H13: =_xlfn.XLOOKUP($B13,'(2) ETSS_Picks_by_FA_Locations'!$B$4:$B$195,'(2) ETSS_Picks_by_FA_Locations'!$I$4:$I$195,"ERROR",0,1) -> 0.061 | I13: =0.3*(F13) -> 0.85270456 | J13: =SUM(F13:I13) -> 4.5412531 | K13: 0.1 | L13: =K13*J13 -> 0.45412531 | M13: =SUM(J13,L13) -> 4.9953784 | N13: 9418767 | O13: =IF(E13=N13, "-", "ERROR") -> -
A14: Humboldt | B14: Humboldt Bay | C14: =_xlfn.XLOOKUP(D14,'(1) Paste CA TEX Values'!$C$2:$C$96,'(1) Paste CA TEX Values'!$D$2:$D$96,"ERROR",0,1) -> Humboldt Bay | D14: HBB | E14: 9418767 | F14: =_xlfn.XLOOKUP($D14,'(1) Paste CA TEX Values'!$C$1:$C$96, '(1) Paste CA TEX Values'!$I$1:$I$96, "ERROR",0,1) -> 3.3840877 | G14: =_xlfn.XLOOKUP($B14,'(2) ETSS_Picks_by_FA_Locations'!$B$4:$B$195,'(2) ETSS_Picks_by_FA_Locations'!$G$4:$G$195,"ERROR",0,1) -> 0.7852 | H14: =_xlfn.XLOOKUP($B14,'(2) ETSS_Picks_by_FA_Locations'!$B$4:$B$195,'(2) ETSS_Picks_by_FA_Locations'!$I$4:$I$195,"ERROR",0,1) -> 0.061 | I14: =0.3*(F14) -> 1.0152263 | J14: =SUM(F14:I14) -> 5.2455141 | K14: 0.1 | L14: =K14*J14 -> 0.52455141 | M14: =SUM(J14,L14) -> 5.7700655 | N14: 9418767 | O14: =IF(E14=N14, "-", "ERROR") -> -
A15: Humboldt | B15: King Salmon | C15: =_xlfn.XLOOKUP(D15,'(1) Paste CA TEX Values'!$C$2:$C$96,'(1) Paste CA TEX Values'!$D$2:$D$96,"ERROR",0,1) -> Humboldt Bay | D15: HBB | E15: 9418767 | F15: =_xlfn.XLOOKUP($D15,'(1) Paste CA TEX Values'!$C$1:$C$96, '(1) Paste CA TEX Values'!$I$1:$I$96, "ERROR",0,1) -> 3.3840877 | G15: =_xlfn.XLOOKUP($B15,'(2) ETSS_Picks_by_FA_Locations'!$B$4:$B$195,'(2) ETSS_Picks_by_FA_Locations'!$G$4:$G$195,"ERROR",0,1) -> 0.7852 | H15: =_xlfn.XLOOKUP($B15,'(2) ETSS_Picks_by_FA_Locations'!$B$4:$B$195,'(2) ETSS_Picks_by_FA_Locations'!$I$4:$I$195,"ERROR",0,1) -> 0.061 | I15: =0.3*(F15) -> 1.0152263 | J15: =SUM(F15:I15) -> 5.2455141 | K15: 0.1 | L15: =K15*J15 -> 0.52455141 | M15: =SUM(J15,L15) -> 5.7700655 | N15: 9418767 | O15: =IF(E15=N15, "-", "ERROR") -> -
A16: Humboldt | B16: South Spit coast | C16: =_xlfn.XLOOKUP(D16,'(1) Paste CA TEX Values'!$C$2:$C$96,'(1) Paste CA TEX Values'!$D$2:$D$96,"ERROR",0,1) -> South Spit | D16: SSP | E16: 9418767 | F16: =_xlfn.XLOOKUP($D16,'(1) Paste CA TEX Values'!$C$1:$C$96, '(1) Paste CA TEX Values'!$I$1:$I$96, "ERROR",0,1) -> 2.9651922 | G16: =_xlfn.XLOOKUP($B16,'(2) ETSS_Picks_by_FA_Locations'!$B$4:$B$195,'(2) ETSS_Picks_by_FA_Locations'!$G$4:$G$195,"ERROR",0,1) -> 0.7852 | H16: =_xlfn.XLOOKUP($B16,'(2) ETSS_Picks_by_FA_Locations'!$B$4:$B$195,'(2) ETSS_Picks_by_FA_Locations'!$I$4:$I$195,"ERROR",0,1) -> 0.061 | I16: =0.3*(F16) -> 0.88955767 | J16: =SUM(F16:I16) -> 4.7009499 | K16: 0.1 | L16: =K16*J16 -> 0.47009499 | M16: =SUM(J16,L16) -> 5.1710449 | N16: 9418767 | O16: =IF(E16=N16, "-", "ERROR") -> -
A17: Humboldt | B17: Ferndale | C17: =_xlfn.XLOOKUP(D17,'(1) Paste CA TEX Values'!$C$2:$C$96,'(1) Paste CA TEX Values'!$D$2:$D$96,"ERROR",0,1) -> South Spit | D17: SSP | E17: 9418767 | F17: =_xlfn.XLOOKUP($D17,'(1) Paste CA TEX Values'!$C$1:$C$96, '(1) Paste CA TEX Values'!$I$1:$I$96, "ERROR",0,1) -> 2.9651922 | G17: =_xlfn.XLOOKUP($B17,'(2) ETSS_Picks_by_FA_Locations'!$B$4:$B$195,'(2) ETSS_Picks_by_FA_Locations'!$G$4:$G$195,"ERROR",0,1) -> 0.7852 | H17: =_xlfn.XLOOKUP($B17,'(2) ETSS_Picks_by_FA_Locations'!$B$4:$B$195,'(2) ETSS_Picks_by_FA_Locations'!$I$4:$I$195,"ERROR",0,1) -> 0.061 | I17: =0.3*(F17) -> 0.88955767 | J17: =SUM(F17:I17) -> 4.7009499 | K17: 0.1 | L17: =K17*J17 -> 0.47009499 | M17: =SUM(J17,L17) -> 5.1710449 | N17: 9418767 | O17: =IF(E17=N17, "-", "ERROR") -> -
A18: Humboldt | B18: Shelter Cove | C18: =_xlfn.XLOOKUP(D18,'(1) Paste CA TEX Values'!$C$2:$C$96,'(1) Paste CA TEX Values'!$D$2:$D$96,"ERROR",0,1) -> Lost Coast Shoreline | D18: LCS | E18: 9418767 | F18: =_xlfn.XLOOKUP($D18,'(1) Paste CA TEX Values'!$C$1:$C$96, '(1) Paste CA TEX Values'!$I$1:$I$96, "ERROR",0,1) -> 4.3506192 | G18: =_xlfn.XLOOKUP($B18,'(2) ETSS_Picks_by_FA_Locations'!$B$4:$B$195,'(2) ETSS_Picks_by_FA_Locations'!$G$4:$G$195,"ERROR",0,1) -> 0.7852 | H18: =_xlfn.XLOOKUP($B18,'(2) ETSS_Picks_by_FA_Locations'!$B$4:$B$195,'(2) ETSS_Picks_by_FA_Locations'!$I$4:$I$195,"ERROR",0,1) -> 0.061 | I18: =0.3*(F18) -> 1.3051858 | J18: =SUM(F18:I18) -> 6.502005 | K18: 0.2 | L18: =K18*J18 -> 1.300401 | M18: =SUM(J18,L18) -> 7.802406 | N18: 9418767 | O18: =IF(E18=N18, "-", "ERROR") -> -
A19: Mendocino | B19: Cleone | C19: =_xlfn.XLOOKUP(D19,'(1) Paste CA TEX Values'!$C$2:$C$96,'(1) Paste CA TEX Values'!$D$2:$D$96,"ERROR",0,1) -> Ten Mile River Beach | D19: TEN | E19: 9416841 | F19: =_xlfn.XLOOKUP($D19,'(1) Paste CA TEX Values'!$C$1:$C$96, '(1) Paste CA TEX Values'!$I$1:$I$96, "ERROR",0,1) -> 4.2192736 | G19: =_xlfn.XLOOKUP($B19,'(2) ETSS_Picks_by_FA_Locations'!$B$4:$B$195,'(2) ETSS_Picks_by_FA_Locations'!$G$4:$G$195,"ERROR",0,1) -> 0.6133 | H19: =_xlfn.XLOOKUP($B19,'(2) ETSS_Picks_by_FA_Locations'!$B$4:$B$195,'(2) ETSS_Picks_by_FA_Locations'!$I$4:$I$195,"ERROR",0,1) -> 0.2134 | I19: =0.3*(F19) -> 1.2657821 | J19: =SUM(F19:I19) -> 6.3117557 | K19: 0.1 | L19: =K19*J19 -> 0.63117557 | M19: =SUM(J19,L19) -> 6.9429313 | N19: 9416841 | O19: =IF(E19=N19, "-", "ERROR") -> -
A20: Mendocino | B20: Ten Mile River | C20: =_xlfn.XLOOKUP(D20,'(1) Paste CA TEX Values'!$C$2:$C$96,'(1) Paste CA TEX Values'!$D$2:$D$96,"ERROR",0,1) -> Ten Mile River Beach | D20: TEN | E20: 9416841 | F20: =_xlfn.XLOOKUP($D20,'(1) Paste CA TEX Values'!$C$1:$C$96, '(1) Paste CA TEX Values'!$I$1:$I$96, "ERROR",0,1) -> 4.2192736 | G20: =_xlfn.XLOOKUP($B20,'(2) ETSS_Picks_by_FA_Locations'!$B$4:$B$195,'(2) ETSS_Picks_by_FA_Locations'!$G$4:$G$195,"ERROR",0,1) -> 0.6133 | H20: =_xlfn.XLOOKUP($B20,'(2) ETSS_Picks_by_FA_Locations'!$B$4:$B$195,'(2) ETSS_Picks_by_FA_Locations'!$I$4:$I$195,"ERROR",0,1) -> 0.2134 | I20: =0.3*(F20) -> 1.2657821 | J20: =SUM(F20:I20) -> 6.3117557 | K20: 0.1 | L20: =K20*J20 -> 0.63117557 | M20: =SUM(J20,L20) -> 6.9429313 | N20: 9416841 | O20: =IF(E20=N20, "-", "ERROR") -> -
A21: Mendocino | B21: Fort Bragg | C21: =_xlfn.XLOOKUP(D21,'(1) Paste CA TEX Values'!$C$2:$C$96,'(1) Paste CA TEX Values'!$D$2:$D$96,"ERROR",0,1) -> Fort Bragg | D21: FBG | E21: 9416841 | F21: =_xlfn.XLOOKUP($D21,'(1) Paste CA TEX Values'!$C$1:$C$96, '(1) Paste CA TEX Values'!$I$1:$I$96, "ERROR",0,1) -> 3.2598899 | G21: =_xlfn.XLOOKUP($B21,'(2) ETSS_Picks_by_FA_Locations'!$B$4:$B$195,'(2) ETSS_Picks_by_FA_Locations'!$G$4:$G$195,"ERROR",0,1) -> 0.6133 | H21: =_xlfn.XLOOKUP($B21,'(2) ETSS_Picks_by_FA_Locations'!$B$4:$B$195,'(2) ETSS_Picks_by_FA_Locations'!$I$4:$I$195,"ERROR",0,1) -> 0.2134 | I21: =0.3*(F21) -> 0.97796697 | J21: =SUM(F21:I21) -> 5.0645569 | K21: 0.2 | L21: =K21*J21 -> 1.0129114 | M21: =SUM(J21,L21) -> 6.0774683 | N21: 9416841 | O21: =IF(E21=N21, "-", "ERROR") -> -
A22: Mendocino | B22: Casper | C22: =_xlfn.XLOOKUP(D22,'(1) Paste CA TEX Values'!$C$2:$C$96,'(1) Paste CA TEX Values'!$D$2:$D$96,"ERROR",0,1) -> Mendocino | D22: MEN | E22: 9416841 | F22: =_xlfn.XLOOKUP($D22,'(1) Paste CA TEX Values'!$C$1:$C$96, '(1) Paste CA TEX Values'!$I$1:$I$96, "ERROR",0,1) -> 3.3675224 | G22: =_xlfn.XLOOKUP($B22,'(2) ETSS_Picks_by_FA_Locations'!$B$4:$B$195,'(2) ETSS_Picks_by_FA_Locations'!$G$4:$G$195,"ERROR",0,1) -> 0.6133 | H22: =_xlfn.XLOOKUP($B22,'(2) ETSS_Picks_by_FA_Locations'!$B$4:$B$195,'(2) ETSS_Picks_by_FA_Locations'!$I$4:$I$195,"ERROR",0,1) -> 0.2134 | I22: =0.3*(F22) -> 1.0102567 | J22: =SUM(F22:I22) -> 5.2044792 | K22: 0.2 | L22: =K22*J22 -> 1.0408958 | M22: =SUM(J22,L22) -> 6.245375 | N22: 9416841 | O22: =IF(E22=N22, "-", "ERROR") -> -
A23: Mendocino | B23: Mendocino | C23: =_xlfn.XLOOKUP(D23,'(1) Paste CA TEX Values'!$C$2:$C$96,'(1) Paste CA TEX Values'!$D$2:$D$96,"ERROR",0,1) -> Mendocino | D23: MEN | E23: 9416841 | F23: =_xlfn.XLOOKUP($D23,'(1) Paste CA TEX Values'!$C$1:$C$96, '(1) Paste CA TEX Values'!$I$1:$I$96, "ERROR",0,1) -> 3.3675224 | G23: =_xlfn.XLOOKUP($B23,'(2) ETSS_Picks_by_FA_Locations'!$B$4:$B$195,'(2) ETSS_Picks_by_FA_Locations'!$G$4:$G$195,"ERROR",0,1) -> 0.6133 | H23: =_xlfn.XLOOKUP($B23,'(2) ETSS_Picks_by_FA_Locations'!$B$4:$B$195,'(2) ETSS_Picks_by_FA_Locations'!$I$4:$I$195,"ERROR",0,1) -> 0.2134 | I23: =0.3*(F23) -> 1.0102567 | J23: =SUM(F23:I23) -> 5.2044792 | K23: 0.2 | L23: =K23*J23 -> 1.0408958 | M23: =SUM(J23,L23) -> 6.245375 | N23: 9416841 | O23: =IF(E23=N23, "-", "ERROR") -> -
A24: Mendocino | B24: Albion | C24: =_xlfn.XLOOKUP(D24,'(1) Paste CA TEX Values'!$C$2:$C$96,'(1) Paste CA TEX Values'!$D$2:$D$96,"ERROR",0,1) -> Mendocino | D24: MEN | E24: 9416841 | F24: =_xlfn.XLOOKUP($D24,'(1) Paste CA TEX Values'!$C$1:$C$96, '(1) Paste CA TEX Values'!$I$1:$I$96, "ERROR",0,1) -> 3.3675224 | G24: =_xlfn.XLOOKUP($B24,'(2) ETSS_Picks_by_FA_Locations'!$B$4:$B$195,'(2) ETSS_Picks_by_FA_Locations'!$G$4:$G$195,"ERROR",0,1) -> 0.6133 | H24: =_xlfn.XLOOKUP($B24,'(2) ETSS_Picks_by_FA_Locations'!$B$4:$B$195,'(2) ETSS_Picks_by_FA_Locations'!$I$4:$I$195,"ERROR",0,1) -> 0.2134 | I24: =0.3*(F24) -> 1.0102567 | J24: =SUM(F24:I24) -> 5.2044792 | K24: 0.2 | L24: =K24*J24 -> 1.0408958 | M24: =SUM(J24,L24) -> 6.245375 | N24: 9416841 | O24: =IF(E24=N24, "-", "ERROR") -> -
A25: Mendocino | B25: Elk | C25: =_xlfn.XLOOKUP(D25,'(1) Paste CA TEX Values'!$C$2:$C$96,'(1) Paste CA TEX Values'!$D$2:$D$96,"ERROR",0,1) -> Elk | D25: ELK | E25: 9416841 | F25: =_xlfn.XLOOKUP($D25,'(1) Paste CA TEX Values'!$C$1:$C$96, '(1) Paste CA TEX Values'!$I$1:$I$96, "ERROR",0,1) -> 4.5071019 | G25: =_xlfn.XLOOKUP($B25,'(2) ETSS_Picks_by_FA_Locations'!$B$4:$B$195,'(2) ETSS_Picks_by_FA_Locations'!$G$4:$G$195,"ERROR",0,1) -> 0.6133 | H25: =_xlfn.XLOOKUP($B25,'(2) ETSS_Picks_by_FA_Locations'!$B$4:$B$195,'(2) ETSS_Picks_by_FA_Locations'!$I$4:$I$195,"ERROR",0,1) -> 0.2134 | I25: =0.3*(F25) -> 1.3521306 | J25: =SUM(F25:I25) -> 6.6859324 | K25: 0.1 | L25: =K25*J25 -> 0.66859324 | M25: =SUM(J25,L25) -> 7.3545257 | N25: 9416841 | O25: =IF(E25=N25, "-", "ERROR") -> - | P25: Area Cove
A26: Mendocino | B26: Point Arena | C26: =_xlfn.XLOOKUP(D26,'(1) Paste CA TEX Values'!$C$2:$C$96,'(1) Paste CA TEX Values'!$D$2:$D$96,"ERROR",0,1) -> Arena Cove | D26: ARN | E26: 9416841 | F26: =_xlfn.XLOOKUP($D26,'(1) Paste CA TEX Values'!$C$1:$C$96, '(1) Paste CA TEX Values'!$I$1:$I$96, "ERROR",0,1) -> 5.1610826 | G26: =_xlfn.XLOOKUP($B26,'(2) ETSS_Picks_by_FA_Locations'!$B$4:$B$195,'(2) ETSS_Picks_by_FA_Locations'!$G$4:$G$195,"ERROR",0,1) -> 0.6133 | H26: =_xlfn.XLOOKUP($B26,'(2) ETSS_Picks_by_FA_Locations'!$B$4:$B$195,'(2) ETSS_Picks_by_FA_Locations'!$I$4:$I$195,"ERROR",0,1) -> 0.2134 | I26: =0.3*(F26) -> 1.5483248 | J26: =SUM(F26:I26) -> 7.5361074 | K26: 0.2 | L26: =K26*J26 -> 1.5072215 | M26: =SUM(J26,L26) -> 9.0433288 | N26: 9416841 | O26: =IF(E26=N26, "-", "ERROR") -> - | P26: https://tidesandcurrents.noaa.gov/waterlevels.html?id=9416841&units=metric&timezone=LST/LDT&datum=MSL&interval=6&action=
A27: Mendocino | B27: Anchor Bay | C27: =_xlfn.XLOOKUP(D27,'(1) Paste CA TEX Values'!$C$2:$C$96,'(1) Paste CA TEX Values'!$D$2:$D$96,"ERROR",0,1) -> Arena Cove | D27: ARN | E27: 9416841 | F27: =_xlfn.XLOOKUP($D27,'(1) Paste CA TEX Values'!$C$1:$C$96, '(1) Paste CA TEX Values'!$I$1:$I$96, "ERROR",0,1) -> 5.1610826 | G27: =_xlfn.XLOOKUP($B27,'(2) ETSS_Picks_by_FA_Locations'!$B$4:$B$195,'(2) ETSS_Picks_by_FA_Locations'!$G$4:$G$195,"ERROR",0,1) -> 0.6133 | H27: =_xlfn.XLOOKUP($B27,'(2) ETSS_Picks_by_FA_Locations'!$B$4:$B$195,'(2) ETSS_Picks_by_FA_Locations'!$I$4:$I$195,"ERROR",0,1) -> 0.2134 | I27: =0.3*(F27) -> 1.5483248 | J27: =SUM(F27:I27) -> 7.5361074 | K27: 0.1 | L27: =K27*J27 -> 0.75361074 | M27: =SUM(J27,L27) -> 8.2897181 | N27: 9416841 | O27: =IF(E27=N27, "-", "ERROR") -> -
A28: Sonoma | B28: Sea Ranch | C28: =_xlfn.XLOOKUP(D28,'(1) Paste CA TEX Values'!$C$2:$C$96,'(1) Paste CA TEX Values'!$D$2:$D$96,"ERROR",0,1) -> Russian River Mouth | D28: RRM | E28: 9415020 | F28: =_xlfn.XLOOKUP($D28,'(1) Paste CA TEX Values'!$C$1:$C$96, '(1) Paste CA TEX Values'!$I$1:$I$96, "ERROR",0,1) -> 5.2422945 | G28: =_xlfn.XLOOKUP($B28,'(2) ETSS_Picks_by_FA_Locations'!$B$4:$B$195,'(2) ETSS_Picks_by_FA_Locations'!$G$4:$G$195,"ERROR",0,1) -> 0.5975 | H28: =_xlfn.XLOOKUP($B28,'(2) ETSS_Picks_by_FA_Locations'!$B$4:$B$195,'(2) ETSS_Picks_by_FA_Locations'!$I$4:$I$195,"ERROR",0,1) -> 0.061 | I28: =0.3*(F28) -> 1.5726884 | J28: =SUM(F28:I28) -> 7.4734829 | K28: 0.1 | L28: =K28*J28 -> 0.74734829 | M28: =SUM(J28,L28) -> 8.2208312 | N28: 9415020 | O28: =IF(E28=N28, "-", "ERROR") -> -
A29: Sonoma | B29: Timber Cove | C29: =_xlfn.XLOOKUP(D29,'(1) Paste CA TEX Values'!$C$2:$C$96,'(1) Paste CA TEX Values'!$D$2:$D$96,"ERROR",0,1) -> Russian River Mouth | D29: RRM | E29: 9415020 | F29: =_xlfn.XLOOKUP($D29,'(1) Paste CA TEX Values'!$C$1:$C$96, '(1) Paste CA TEX Values'!$I$1:$I$96, "ERROR",0,1) -> 5.2422945 | G29: =_xlfn.XLOOKUP($B29,'(2) ETSS_Picks_by_FA_Locations'!$B$4:$B$195,'(2) ETSS_Picks_by_FA_Locations'!$G$4:$G$195,"ERROR",0,1) -> 0.5975 | H29: =_xlfn.XLOOKUP($B29,'(2) ETSS_Picks_by_FA_Locations'!$B$4:$B$195,'(2) ETSS_Picks_by_FA_Locations'!$I$4:$I$195,"ERROR",0,1) -> 0.061 | I29: =0.3*(F29) -> 1.5726884 | J29: =SUM(F29:I29) -> 7.4734829 | K29: 0.1 | L29: =K29*J29 -> 0.74734829 | M29: =SUM(J29,L29) -> 8.2208312 | N29: 9415020 | O29: =IF(E29=N29, "-", "ERROR") -> -
A30: Sonoma | B30: Fort Ross | C30: =_xlfn.XLOOKUP(D30,'(1) Paste CA TEX Values'!$C$2:$C$96,'(1) Paste CA TEX Values'!$D$2:$D$96,"ERROR",0,1) -> Russian River Mouth | D30: RRM | E30: 9415020 | F30: =_xlfn.XLOOKUP($D30,'(1) Paste CA TEX Values'!$C$1:$C$96, '(1) Paste CA TEX Values'!$I$1:$I$96, "ERROR",0,1) -> 5.2422945 | G30: =_xlfn.XLOOKUP($B30,'(2) ETSS_Picks_by_FA_Locations'!$B$4:$B$195,'(2) ETSS_Picks_by_FA_Locations'!$G$4:$G$195,"ERROR",0,1) -> 0.5975 | H30: =_xlfn.XLOOKUP($B30,'(2) ETSS_Picks_by_FA_Locations'!$B$4:$B$195,'(2) ETSS_Picks_by_FA_Locations'!$I$4:$I$195,"ERROR",0,1) -> 0.061 | I30: =0.3*(F30) -> 1.5726884 | J30: =SUM(F30:I30) -> 7.4734829 | K30: 0.1 | L30: =K30*J30 -> 0.74734829 | M30: =SUM(J30,L30) -> 8.2208312 | N30: 9415020 | O30: =IF(E30=N30, "-", "ERROR") -> -
A31: Sonoma | B31: Jenner-Russian River | C31: =_xlfn.XLOOKUP(D31,'(1) Paste CA TEX Values'!$C$2:$C$96,'(1) Paste CA TEX Values'!$D$2:$D$96,"ERROR",0,1) -> Russian River Mouth | D31: RRM | E31: 9415020 | F31: =_xlfn.XLOOKUP($D31,'(1) Paste CA TEX Values'!$C$1:$C$96, '(1) Paste CA TEX Values'!$I$1:$I$96, "ERROR",0,1) -> 5.2422945 | G31: =_xlfn.XLOOKUP($B31,'(2) ETSS_Picks_by_FA_Locations'!$B$4:$B$195,'(2) ETSS_Picks_by_FA_Locations'!$G$4:$G$195,"ERROR",0,1) -> 0.5975 | H31: =_xlfn.XLOOKUP($B31,'(2) ETSS_Picks_by_FA_Locations'!$B$4:$B$195,'(2) ETSS_Picks_by_FA_Locations'!$I$4:$I$195,"ERROR",0,1) -> 0.061 | I31: =0.3*(F31) -> 1.5726884 | J31: =SUM(F31:I31) -> 7.4734829 | K31: 0.1 | L31: =K31*J31 -> 0.74734829 | M31: =SUM(J31,L31) -> 8.2208312 | N31: 9415020 | O31: =IF(E31=N31, "-", "ERROR") -> -
A32: Sonoma | B32: Salmon Creek | C32: =_xlfn.XLOOKUP(D32,'(1) Paste CA TEX Values'!$C$2:$C$96,'(1) Paste CA TEX Values'!$D$2:$D$96,"ERROR",0,1) -> Russian River Mouth | D32: RRM | E32: 9415020 | F32: =_xlfn.XLOOKUP($D32,'(1) Paste CA TEX Values'!$C$1:$C$96, '(1) Paste CA TEX Values'!$I$1:$I$96, "ERROR",0,1) -> 5.2422945 | G32: =_xlfn.XLOOKUP($B32,'(2) ETSS_Picks_by_FA_Locations'!$B$4:$B$195,'(2) ETSS_Picks_by_FA_Locations'!$G$4:$G$195,"ERROR",0,1) -> 0.5975 | H32: =_xlfn.XLOOKUP($B32,'(2) ETSS_Picks_by_FA_Locations'!$B$4:$B$195,'(2) ETSS_Picks_by_FA_Locations'!$I$4:$I$195,"ERROR",0,1) -> 0.061 | I32: =0.3*(F32) -> 1.5726884 | J32: =SUM(F32:I32) -> 7.4734829 | K32: 0.2 | L32: =K32*J32 -> 1.4946966 | M32: =SUM(J32,L32) -> 8.9681795 | N32: 9415020 | O32: =IF(E32=N32, "-", "ERROR") -> -
A33: Sonoma | B33: Bodega Bay | C33: =_xlfn.XLOOKUP(D33,'(1) Paste CA TEX Values'!$C$2:$C$96,'(1) Paste CA TEX Values'!$D$2:$D$96,"ERROR",0,1) -> Bodega Bay | D33: BBY | E33: 9415020 | F33: =_xlfn.XLOOKUP($D33,'(1) Paste CA TEX Values'!$C$1:$C$96, '(1) Paste CA TEX Values'!$I$1:$I$96, "ERROR",0,1) -> 3.5963077 | G33: =_xlfn.XLOOKUP($B33,'(2) ETSS_Picks_by_FA_Locations'!$B$4:$B$195,'(2) ETSS_Picks_by_FA_Locations'!$G$4:$G$195,"ERROR",0,1) -> 0.5975 | H33: =_xlfn.XLOOKUP($B33,'(2) ETSS_Picks_by_FA_Locations'!$B$4:$B$195,'(2) ETSS_Picks_by_FA_Locations'!$I$4:$I$195,"ERROR",0,1) -> 0.061 | I33: =0.3*(F33) -> 1.0788923 | J33: =SUM(F33:I33) -> 5.3337 | K33: 0.1 | L33: =K33*J33 -> 0.53337 | M33: =SUM(J33,L33) -> 5.86707 | N33: 9415020 | O33: =IF(E33=N33, "-", "ERROR") -> -
A34: Sonoma | B34: Sears Point-Petaluma Valley | C34: =_xlfn.XLOOKUP(D34,'(1) Paste CA TEX Values'!$C$2:$C$96,'(1) Paste CA TEX Values'!$D$2:$D$96,"ERROR",0,1) -> Mare Island | D34: MRE | E34: 9414863 | F34: =_xlfn.XLOOKUP($D34,'(1) Paste CA TEX Values'!$C$1:$C$96, '(1) Paste CA TEX Values'!$I$1:$I$96, "ERROR",0,1) -> 2.4200194 | G34: =_xlfn.XLOOKUP($B34,'(2) ETSS_Picks_by_FA_Locations'!$B$4:$B$195,'(2) ETSS_Picks_by_FA_Locations'!$G$4:$G$195,"ERROR",0,1) -> 0.6912 | H34: =_xlfn.XLOOKUP($B34,'(2) ETSS_Picks_by_FA_Locations'!$B$4:$B$195,'(2) ETSS_Picks_by_FA_Locations'!$I$4:$I$195,"ERROR",0,1) -> 0.0914 | I34: =0.3*(F34) -> 0.72600581 | J34: =SUM(F34:I34) -> 3.9286252 | K34: 0 | L34: =K34*J34 -> 0 | M34: =SUM(J34,L34) -> 3.9286252 | N34: 9414863 | O34: =IF(E34=N34, "-", "ERROR") -> - | P34: Richmond
A35: Marin | B35: Dillons Beach | C35: =_xlfn.XLOOKUP(D35,'(1) Paste CA TEX Values'!$C$2:$C$96,'(1) Paste CA TEX Values'!$D$2:$D$96,"ERROR",0,1) -> Point Reyes | D35: REY | E35: 9415020 | F35: =_xlfn.XLOOKUP($D35,'(1) Paste CA TEX Values'!$C$1:$C$96, '(1) Paste CA TEX Values'!$I$1:$I$96, "ERROR",0,1) -> 5.7961923 | G35: =_xlfn.XLOOKUP($B35,'(2) ETSS_Picks_by_FA_Locations'!$B$4:$B$195,'(2) ETSS_Picks_by_FA_Locations'!$G$4:$G$195,"ERROR",0,1) -> 0.5975 | H35: =_xlfn.XLOOKUP($B35,'(2) ETSS_Picks_by_FA_Locations'!$B$4:$B$195,'(2) ETSS_Picks_by_FA_Locations'!$I$4:$I$195,"ERROR",0,1) -> 0.061 | I35: =0.3*(F35) -> 1.7388577 | J35: =SUM(F35:I35) -> 8.19355 | K35: 0.1 | L35: =K35*J35 -> 0.819355 | M35: =SUM(J35,L35) -> 9.0129051 | N35: 9415020 | O35: =IF(E35=N35, "-", "ERROR") -> - | P35: Point Reyes
A36: Marin | B36: Point Reyes | C36: =_xlfn.XLOOKUP(D36,'(1) Paste CA TEX Values'!$C$2:$C$96,'(1) Paste CA TEX Values'!$D$2:$D$96,"ERROR",0,1) -> Point Reyes | D36: REY | E36: 9415020 | F36: =_xlfn.XLOOKUP($D36,'(1) Paste CA TEX Values'!$C$1:$C$96, '(1) Paste CA TEX Values'!$I$1:$I$96, "ERROR",0,1) -> 5.7961923 | G36: =_xlfn.XLOOKUP($B36,'(2) ETSS_Picks_by_FA_Locations'!$B$4:$B$195,'(2) ETSS_Picks_by_FA_Locations'!$G$4:$G$195,"ERROR",0,1) -> 0.5975 | H36: =_xlfn.XLOOKUP($B36,'(2) ETSS_Picks_by_FA_Locations'!$B$4:$B$195,'(2) ETSS_Picks_by_FA_Locations'!$I$4:$I$195,"ERROR",0,1) -> 0.061 | I36: =0.3*(F36) -> 1.7388577 | J36: =SUM(F36:I36) -> 8.19355 | K36: 0.1 | L36: =K36*J36 -> 0.819355 | M36: =SUM(J36,L36) -> 9.0129051 | N36: 9415020 | O36: =IF(E36=N36, "-", "ERROR") -> - | P36: https://tidesandcurrents.noaa.gov/waterlevels.html?id=9415020&units=metric&timezone=LST/LDT&datum=MSL&interval=6&action=
A37: Marin | B37: Bolinas | C37: =_xlfn.XLOOKUP(D37,'(1) Paste CA TEX Values'!$C$2:$C$96,'(1) Paste CA TEX Values'!$D$2:$D$96,"ERROR",0,1) -> Bolinas | D37: BNS | E37: 9415020 | F37: =_xlfn.XLOOKUP($D37,'(1) Paste CA TEX Values'!$C$1:$C$96, '(1) Paste CA TEX Values'!$I$1:$I$96, "ERROR",0,1) -> 4.1648636 | G37: =_xlfn.XLOOKUP($B37,'(2) ETSS_Picks_by_FA_Locations'!$B$4:$B$195,'(2) ETSS_Picks_by_FA_Locations'!$G$4:$G$195,"ERROR",0,1) -> 0.5975 | H37: =_xlfn.XLOOKUP($B37,'(2) ETSS_Picks_by_FA_Locations'!$B$4:$B$195,'(2) ETSS_Picks_by_FA_Locations'!$I$4:$I$195,"ERROR",0,1) -> 0.061 | I37: =0.3*(F37) -> 1.2494591 | J37: =SUM(F37:I37) -> 6.0728227 | K37: 0.1 | L37: =K37*J37 -> 0.60728227 | M37: =SUM(J37,L37) -> 6.6801049 | N37: 9415020 | O37: =IF(E37=N37, "-", "ERROR") -> -
A38: Marin | B38: Stinson Beach | C38: =_xlfn.XLOOKUP(D38,'(1) Paste CA TEX Values'!$C$2:$C$96,'(1) Paste CA TEX Values'!$D$2:$D$96,"ERROR",0,1) -> Stinson Beach | D38: STB | E38: 9415020 | F38: =_xlfn.XLOOKUP($D38,'(1) Paste CA TEX Values'!$C$1:$C$96, '(1) Paste CA TEX Values'!$I$1:$I$96, "ERROR",0,1) -> 3.5556809 | G38: =_xlfn.XLOOKUP($B38,'(2) ETSS_Picks_by_FA_Locations'!$B$4:$B$195,'(2) ETSS_Picks_by_FA_Locations'!$G$4:$G$195,"ERROR",0,1) -> 0.5975 | H38: =_xlfn.XLOOKUP($B38,'(2) ETSS_Picks_by_FA_Locations'!$B$4:$B$195,'(2) ETSS_Picks_by_FA_Locations'!$I$4:$I$195,"ERROR",0,1) -> 0.061 | I38: =0.3*(F38) -> 1.0667043 | J38: =SUM(F38:I38) -> 5.2808852 | K38: 0.1 | L38: =K38*J38 -> 0.52808852 | M38: =SUM(J38,L38) -> 5.8089737 | N38: 9415020 | O38: =IF(E38=N38, "-", "ERROR") -> -
A39: Marin | B39: Muir Beach | C39: =_xlfn.XLOOKUP(D39,'(1) Paste CA TEX Values'!$C$2:$C$96,'(1) Paste CA TEX Values'!$D$2:$D$96,"ERROR",0,1) -> Bolinas | D39: BNS | E39: 9415020 | F39: =_xlfn.XLOOKUP($D39,'(1) Paste CA TEX Values'!$C$1:$C$96, '(1) Paste CA TEX Values'!$I$1:$I$96, "ERROR",0,1) -> 4.1648636 | G39: =_xlfn.XLOOKUP($B39,'(2) ETSS_Picks_by_FA_Locations'!$B$4:$B$195,'(2) ETSS_Picks_by_FA_Locations'!$G$4:$G$195,"ERROR",0,1) -> 0.5975 | H39: =_xlfn.XLOOKUP($B39,'(2) ETSS_Picks_by_FA_Locations'!$B$4:$B$195,'(2) ETSS_Picks_by_FA_Locations'!$I$4:$I$195,"ERROR",0,1) -> 0.061 | I39: =0.3*(F39) -> 1.2494591 | J39: =SUM(F39:I39) -> 6.0728227 | K39: 0.1 | L39: =K39*J39 -> 0.60728227 | M39: =SUM(J39,L39) -> 6.6801049 | N39: 9415020 | O39: =IF(E39=N39, "-", "ERROR") -> -
A40: Marin | B40: Rodeo Cove | C40: =_xlfn.XLOOKUP(D40,'(1) Paste CA TEX Values'!$C$2:$C$96,'(1) Paste CA TEX Values'!$D$2:$D$96,"ERROR",0,1) -> Bolinas | D40: BNS | E40: 9415020 | F40: =_xlfn.XLOOKUP($D40,'(1) Paste CA TEX Values'!$C$1:$C$96, '(1) Paste CA TEX Values'!$I$1:$I$96, "ERROR",0,1) -> 4.1648636 | G40: =_xlfn.XLOOKUP($B40,'(2) ETSS_Picks_by_FA_Locations'!$B$4:$B$195,'(2) ETSS_Picks_by_FA_Locations'!$G$4:$G$195,"ERROR",0,1) -> 0.5975 | H40: =_xlfn.XLOOKUP($B40,'(2) ETSS_Picks_by_FA_Locations'!$B$4:$B$195,'(2) ETSS_Picks_by_FA_Locations'!$I$4:$I$195,"ERROR",0,1) -> 0.061 | I40: =0.3*(F40) -> 1.2494591 | J40: =SUM(F40:I40) -> 6.0728227 | K40: 0.1 | L40: =K40*J40 -> 0.60728227 | M40: =SUM(J40,L40) -> 6.6801049 | N40: 9415020 | O40: =IF(E40=N40, "-", "ERROR") -> -
A41: Marin | B41: Horseshoe Bay | C41: =_xlfn.XLOOKUP(D41,'(1) Paste CA TEX Values'!$C$2:$C$96,'(1) Paste CA TEX Values'!$D$2:$D$96,"ERROR",0,1) -> Bolinas | D41: BNS | E41: 9414290 | F41: =_xlfn.XLOOKUP($D41,'(1) Paste CA TEX Values'!$C$1:$C$96, '(1) Paste CA TEX Values'!$I$1:$I$96, "ERROR",0,1) -> 4.1648636 | G41: =_xlfn.XLOOKUP($B41,'(2) ETSS_Picks_by_FA_Locations'!$B$4:$B$195,'(2) ETSS_Picks_by_FA_Locations'!$G$4:$G$195,"ERROR",0,1) -> 0.6565 | H41: =_xlfn.XLOOKUP($B41,'(2) ETSS_Picks_by_FA_Locations'!$B$4:$B$195,'(2) ETSS_Picks_by_FA_Locations'!$I$4:$I$195,"ERROR",0,1) -> 0.0914 | I41: =0.3*(F41) -> 1.2494591 | J41: =SUM(F41:I41) -> 6.1622227 | K41: 0.1 | L41: =K41*J41 -> 0.61622227 | M41: =SUM(J41,L41) -> 6.7784449 | N41: 9414290 | O41: =IF(E41=N41, "-", "ERROR") -> - | P41: San Francisco
A42: Marin | B42: Sausalito | C42: =_xlfn.XLOOKUP(D42,'(1) Paste CA TEX Values'!$C$2:$C$96,'(1) Paste CA TEX Values'!$D$2:$D$96,"ERROR",0,1) -> Sausalito | D42: SAU | E42: 9414290 | F42: =_xlfn.XLOOKUP($D42,'(1) Paste CA TEX Values'!$C$1:$C$96, '(1) Paste CA TEX Values'!$I$1:$I$96, "ERROR",0,1) -> 1.863594 | G42: =_xlfn.XLOOKUP($B42,'(2) ETSS_Picks_by_FA_Locations'!$B$4:$B$195,'(2) ETSS_Picks_by_FA_Locations'!$G$4:$G$195,"ERROR",0,1) -> 0.6565 | H42: =_xlfn.XLOOKUP($B42,'(2) ETSS_Picks_by_FA_Locations'!$B$4:$B$195,'(2) ETSS_Picks_by_FA_Locations'!$I$4:$I$195,"ERROR",0,1) -> 0.0914 | I42: =0.3*(F42) -> 0.55907821 | J42: =SUM(F42:I42) -> 3.1705722 | K42: 0.1 | L42: =K42*J42 -> 0.31705722 | M42: =SUM(J42,L42) -> 3.4876295 | N42: 9414290 | O42: =IF(E42=N42, "-", "ERROR") -> - | P42: https://tidesandcurrents.noaa.gov/waterlevels.html?id=9414290&units=metric&timezone=LST/LDT&datum=MSL&interval=6&action=
A43: Marin | B43: Belvedere | C43: =_xlfn.XLOOKUP(D43,'(1) Paste CA TEX Values'!$C$2:$C$96,'(1) Paste CA TEX Values'!$D$2:$D$96,"ERROR",0,1) -> Sausalito | D43: SAU | E43: 9414290 | F43: =_xlfn.XLOOKUP($D43,'(1) Paste CA TEX Values'!$C$1:$C$96, '(1) Paste CA TEX Values'!$I$1:$I$96, "ERROR",0,1) -> 1.863594 | G43: =_xlfn.XLOOKUP($B43,'(2) ETSS_Picks_by_FA_Locations'!$B$4:$B$195,'(2) ETSS_Picks_by_FA_Locations'!$G$4:$G$195,"ERROR",0,1) -> 0.6565 | H43: =_xlfn.XLOOKUP($B43,'(2) ETSS_Picks_by_FA_Locations'!$B$4:$B$195,'(2) ETSS_Picks_by_FA_Locations'!$I$4:$I$195,"ERROR",0,1) -> 0.0914 | I43: =0.3*(F43) -> 0.55907821 | J43: =SUM(F43:I43) -> 3.1705722 | K43: 0.1 | L43: =K43*J43 -> 0.31705722 | M43: =SUM(J43,L43) -> 3.4876295 | N43: 9414290 | O43: =IF(E43=N43, "-", "ERROR") -> -
A44: Marin | B44: Tiburon | C44: =_xlfn.XLOOKUP(D44,'(1) Paste CA TEX Values'!$C$2:$C$96,'(1) Paste CA TEX Values'!$D$2:$D$96,"ERROR",0,1) -> Sausalito | D44: SAU | E44: 9414290 | F44: =_xlfn.XLOOKUP($D44,'(1) Paste CA TEX Values'!$C$1:$C$96, '(1) Paste CA TEX Values'!$I$1:$I$96, "ERROR",0,1) -> 1.863594 | G44: =_xlfn.XLOOKUP($B44,'(2) ETSS_Picks_by_FA_Locations'!$B$4:$B$195,'(2) ETSS_Picks_by_FA_Locations'!$G$4:$G$195,"ERROR",0,1) -> 0.6565 | H44: =_xlfn.XLOOKUP($B44,'(2) ETSS_Picks_by_FA_Locations'!$B$4:$B$195,'(2) ETSS_Picks_by_FA_Locations'!$I$4:$I$195,"ERROR",0,1) -> 0.0914 | I44: =0.3*(F44) -> 0.55907821 | J44: =SUM(F44:I44) -> 3.1705722 | K44: 0.1 | L44: =K44*J44 -> 0.31705722 | M44: =SUM(J44,L44) -> 3.4876295 | N44: 9414290 | O44: =IF(E44=N44, "-", "ERROR") -> -
A45: Marin | B45: Corte Madera | C45: =_xlfn.XLOOKUP(D45,'(1) Paste CA TEX Values'!$C$2:$C$96,'(1) Paste CA TEX Values'!$D$2:$D$96,"ERROR",0,1) -> Sausalito | D45: SAU | E45: 9414863 | F45: =_xlfn.XLOOKUP($D45,'(1) Paste CA TEX Values'!$C$1:$C$96, '(1) Paste CA TEX Values'!$I$1:$I$96, "ERROR",0,1) -> 1.863594 | G45: =_xlfn.XLOOKUP($B45,'(2) ETSS_Picks_by_FA_Locations'!$B$4:$B$195,'(2) ETSS_Picks_by_FA_Locations'!$G$4:$G$195,"ERROR",0,1) -> 0.6912 | H45: =_xlfn.XLOOKUP($B45,'(2) ETSS_Picks_by_FA_Locations'!$B$4:$B$195,'(2) ETSS_Picks_by_FA_Locations'!$I$4:$I$195,"ERROR",0,1) -> 0.0914 | I45: =0.3*(F45) -> 0.55907821 | J45: =SUM(F45:I45) -> 3.2052722 | K45: 0.1 | L45: =K45*J45 -> 0.32052722 | M45: =SUM(J45,L45) -> 3.5257995 | N45: 9414863 | O45: =IF(E45=N45, "-", "ERROR") -> - | P45: Richmond
A46: Marin | B46: San Rafael | C46: =_xlfn.XLOOKUP(D46,'(1) Paste CA TEX Values'!$C$2:$C$96,'(1) Paste CA TEX Values'!$D$2:$D$96,"ERROR",0,1) -> Sausalito | D46: SAU | E46: 9414863 | F46: =_xlfn.XLOOKUP($D46,'(1) Paste CA TEX Values'!$C$1:$C$96, '(1) Paste CA TEX Values'!$I$1:$I$96, "ERROR",0,1) -> 1.863594 | G46: =_xlfn.XLOOKUP($B46,'(2) ETSS_Picks_by_FA_Locations'!$B$4:$B$195,'(2) ETSS_Picks_by_FA_Locations'!$G$4:$G$195,"ERROR",0,1) -> 0.6912 | H46: =_xlfn.XLOOKUP($B46,'(2) ETSS_Picks_by_FA_Locations'!$B$4:$B$195,'(2) ETSS_Picks_by_FA_Locations'!$I$4:$I$195,"ERROR",0,1) -> 0.0914 | I46: =0.3*(F46) -> 0.55907821 | J46: =SUM(F46:I46) -> 3.2052722 | K46: 0.1 | L46: =K46*J46 -> 0.32052722 | M46: =SUM(J46,L46) -> 3.5257995 | N46: 9414863 | O46: =IF(E46=N46, "-", "ERROR") -> - | P46: https://tidesandcurrents.noaa.gov/waterlevels.html?id=9414863&units=metric&timezone=LST/LDT&datum=MSL&interval=6&action=
A47: Marin | B47: Novato | C47: =_xlfn.XLOOKUP(D47,'(1) Paste CA TEX Values'!$C$2:$C$96,'(1) Paste CA TEX Values'!$D$2:$D$96,"ERROR",0,1) -> Sausalito | D47: SAU | E47: 9414863 | F47: =_xlfn.XLOOKUP($D47,'(1) Paste CA TEX Values'!$C$1:$C$96, '(1) Paste CA TEX Values'!$I$1:$I$96, "ERROR",0,1) -> 1.863594 | G47: =_xlfn.XLOOKUP($B47,'(2) ETSS_Picks_by_FA_Locations'!$B$4:$B$195,'(2) ETSS_Picks_by_FA_Locations'!$G$4:$G$195,"ERROR",0,1) -> 0.6912 | H47: =_xlfn.XLOOKUP($B47,'(2) ETSS_Picks_by_FA_Locations'!$B$4:$B$195,'(2) ETSS_Picks_by_FA_Locations'!$I$4:$I$195,"ERROR",0,1) -> 0.0914 | I47: =0.3*(F47) -> 0.55907821 | J47: =SUM(F47:I47) -> 3.2052722 | K47: 0.1 | L47: =K47*J47 -> 0.32052722 | M47: =SUM(J47,L47) -> 3.5257995 | N47: 9414863 | O47: =IF(E47=N47, "-", "ERROR") -> -
A48: Napa | B48: American Canyon | C48: =_xlfn.XLOOKUP(D48,'(1) Paste CA TEX Values'!$C$2:$C$96,'(1) Paste CA TEX Values'!$D$2:$D$96,"ERROR",0,1) -> Mare Island | D48: MRE | E48: 9415102 | F48: =_xlfn.XLOOKUP($D48,'(1) Paste CA TEX Values'!$C$1:$C$96, '(1) Paste CA TEX Values'!$I$1:$I$96, "ERROR",0,1) -> 2.4200194 | G48: =_xlfn.XLOOKUP($B48,'(2) ETSS_Picks_by_FA_Locations'!$B$4:$B$195,'(2) ETSS_Picks_by_FA_Locations'!$G$4:$G$195,"ERROR",0,1) -> 0.5701 | H48: =_xlfn.XLOOKUP($B48,'(2) ETSS_Picks_by_FA_Locations'!$B$4:$B$195,'(2) ETSS_Picks_by_FA_Locations'!$I$4:$I$195,"ERROR",0,1) -> 0.1219 | I48: =0.3*(F48) -> 0.72600581 | J48: =SUM(F48:I48) -> 3.8380252 | K48: 0 | L48: =K48*J48 -> 0 | M48: =SUM(J48,L48) -> 3.8380252 | N48: 9415102 | O48: =IF(E48=N48, "-", "ERROR") -> -
A49: Solano | B49: Mare Island | C49: =_xlfn.XLOOKUP(D49,'(1) Paste CA TEX Values'!$C$2:$C$96,'(1) Paste CA TEX Values'!$D$2:$D$96,"ERROR",0,1) -> Mare Island | D49: MRE | E49: 9415102 | F49: =_xlfn.XLOOKUP($D49,'(1) Paste CA TEX Values'!$C$1:$C$96, '(1) Paste CA TEX Values'!$I$1:$I$96, "ERROR",0,1) -> 2.4200194 | G49: =_xlfn.XLOOKUP($B49,'(2) ETSS_Picks_by_FA_Locations'!$B$4:$B$195,'(2) ETSS_Picks_by_FA_Locations'!$G$4:$G$195,"ERROR",0,1) -> 0.5701 | H49: =_xlfn.XLOOKUP($B49,'(2) ETSS_Picks_by_FA_Locations'!$B$4:$B$195,'(2) ETSS_Picks_by_FA_Locations'!$I$4:$I$195,"ERROR",0,1) -> 0.1219 | I49: =0.3*(F49) -> 0.72600581 | J49: =SUM(F49:I49) -> 3.8380252 | K49: 0 | L49: =K49*J49 -> 0 | M49: =SUM(J49,L49) -> 3.8380252 | N49: 9415102 | O49: =IF(E49=N49, "-", "ERROR") -> -
A50: Solano | B50: Vallejo | C50: =_xlfn.XLOOKUP(D50,'(1) Paste CA TEX Values'!$C$2:$C$96,'(1) Paste CA TEX Values'!$D$2:$D$96,"ERROR",0,1) -> Mare Island | D50: MRE | E50: 9415102 | F50: =_xlfn.XLOOKUP($D50,'(1) Paste CA TEX Values'!$C$1:$C$96, '(1) Paste CA TEX Values'!$I$1:$I$96, "ERROR",0,1) -> 2.4200194 | G50: =_xlfn.XLOOKUP($B50,'(2) ETSS_Picks_by_FA_Locations'!$B$4:$B$195,'(2) ETSS_Picks_by_FA_Locations'!$G$4:$G$195,"ERROR",0,1) -> 0.5701 | H50: =_xlfn.XLOOKUP($B50,'(2) ETSS_Picks_by_FA_Locations'!$B$4:$B$195,'(2) ETSS_Picks_by_FA_Locations'!$I$4:$I$195,"ERROR",0,1) -> 0.1219 | I50: =0.3*(F50) -> 0.72600581 | J50: =SUM(F50:I50) -> 3.8380252 | K50: 0 | L50: =K50*J50 -> 0 | M50: =SUM(J50,L50) -> 3.8380252 | N50: 9415102 | O50: =IF(E50=N50, "-", "ERROR") -> -
A51: Solano | B51: Benicia | C51: =_xlfn.XLOOKUP(D51,'(1) Paste CA TEX Values'!$C$2:$C$96,'(1) Paste CA TEX Values'!$D$2:$D$96,"ERROR",0,1) -> Mare Island | D51: MRE | E51: 9415102 | F51: =_xlfn.XLOOKUP($D51,'(1) Paste CA TEX Values'!$C$1:$C$96, '(1) Paste CA TEX Values'!$I$1:$I$96, "ERROR",0,1) -> 2.4200194 | G51: =_xlfn.XLOOKUP($B51,'(2) ETSS_Picks_by_FA_Locations'!$B$4:$B$195,'(2) ETSS_Picks_by_FA_Locations'!$G$4:$G$195,"ERROR",0,1) -> 0.5701 | H51: =_xlfn.XLOOKUP($B51,'(2) ETSS_Picks_by_FA_Locations'!$B$4:$B$195,'(2) ETSS_Picks_by_FA_Locations'!$I$4:$I$195,"ERROR",0,1) -> 0.1219 | I51: =0.3*(F51) -> 0.72600581 | J51: =SUM(F51:I51) -> 3.8380252 | K51: 0 | L51: =K51*J51 -> 0 | M51: =SUM(J51,L51) -> 3.8380252 | N51: 9415102 | O51: =IF(E51=N51, "-", "ERROR") -> - | P51: Martinez-Amorco
A52: Contra Costa | B52: Martinez | C52: =_xlfn.XLOOKUP(D52,'(1) Paste CA TEX Values'!$C$2:$C$96,'(1) Paste CA TEX Values'!$D$2:$D$96,"ERROR",0,1) -> Mare Island | D52: MRE | E52: 9415102 | F52: =_xlfn.XLOOKUP($D52,'(1) Paste CA TEX Values'!$C$1:$C$96, '(1) Paste CA TEX Values'!$I$1:$I$96, "ERROR",0,1) -> 2.4200194 | G52: =_xlfn.XLOOKUP($B52,'(2) ETSS_Picks_by_FA_Locations'!$B$4:$B$195,'(2) ETSS_Picks_by_FA_Locations'!$G$4:$G$195,"ERROR",0,1) -> 0.5701 | H52: =_xlfn.XLOOKUP($B52,'(2) ETSS_Picks_by_FA_Locations'!$B$4:$B$195,'(2) ETSS_Picks_by_FA_Locations'!$I$4:$I$195,"ERROR",0,1) -> 0.1219 | I52: =0.3*(F52) -> 0.72600581 | J52: =SUM(F52:I52) -> 3.8380252 | K52: 0 | L52: =K52*J52 -> 0 | M52: =SUM(J52,L52) -> 3.8380252 | N52: 9415102 | O52: =IF(E52=N52, "-", "ERROR") -> - | P52: https://tidesandcurrents.noaa.gov/waterlevels.html?id=9415102&units=metric&timezone=LST/LDT&datum=MSL&interval=6&action=
A53: Contra Costa | B53: Port Costa | C53: =_xlfn.XLOOKUP(D53,'(1) Paste CA TEX Values'!$C$2:$C$96,'(1) Paste CA TEX Values'!$D$2:$D$96,"ERROR",0,1) -> Mare Island | D53: MRE | E53: 9415102 | F53: =_xlfn.XLOOKUP($D53,'(1) Paste CA TEX Values'!$C$1:$C$96, '(1) Paste CA TEX Values'!$I$1:$I$96, "ERROR",0,1) -> 2.4200194 | G53: =_xlfn.XLOOKUP($B53,'(2) ETSS_Picks_by_FA_Locations'!$B$4:$B$195,'(2) ETSS_Picks_by_FA_Locations'!$G$4:$G$195,"ERROR",0,1) -> 0.5701 | H53: =_xlfn.XLOOKUP($B53,'(2) ETSS_Picks_by_FA_Locations'!$B$4:$B$195,'(2) ETSS_Picks_by_FA_Locations'!$I$4:$I$195,"ERROR",0,1) -> 0.1219 | I53: =0.3*(F53) -> 0.72600581 | J53: =SUM(F53:I53) -> 3.8380252 | K53: 0 | L53: =K53*J53 -> 0 | M53: =SUM(J53,L53) -> 3.8380252 | N53: 9415102 | O53: =IF(E53=N53, "-", "ERROR") -> -
A54: Contra Costa | B54: Tormey & Crocket | C54: =_xlfn.XLOOKUP(D54,'(1) Paste CA TEX Values'!$C$2:$C$96,'(1) Paste CA TEX Values'!$D$2:$D$96,"ERROR",0,1) -> Mare Island | D54: MRE | E54: 9415102 | F54: =_xlfn.XLOOKUP($D54,'(1) Paste CA TEX Values'!$C$1:$C$96, '(1) Paste CA TEX Values'!$I$1:$I$96, "ERROR",0,1) -> 2.4200194 | G54: =_xlfn.XLOOKUP($B54,'(2) ETSS_Picks_by_FA_Locations'!$B$4:$B$195,'(2) ETSS_Picks_by_FA_Locations'!$G$4:$G$195,"ERROR",0,1) -> 0.5701 | H54: =_xlfn.XLOOKUP($B54,'(2) ETSS_Picks_by_FA_Locations'!$B$4:$B$195,'(2) ETSS_Picks_by_FA_Locations'!$I$4:$I$195,"ERROR",0,1) -> 0.1219 | I54: =0.3*(F54) -> 0.72600581 | J54: =SUM(F54:I54) -> 3.8380252 | K54: 0 | L54: =K54*J54 -> 0 | M54: =SUM(J54,L54) -> 3.8380252 | N54: 9415102 | O54: =IF(E54=N54, "-", "ERROR") -> -
A55: Contra Costa | B55: Rodeo | C55: =_xlfn.XLOOKUP(D55,'(1) Paste CA TEX Values'!$C$2:$C$96,'(1) Paste CA TEX Values'!$D$2:$D$96,"ERROR",0,1) -> Mare Island | D55: MRE | E55: 9415102 | F55: =_xlfn.XLOOKUP($D55,'(1) Paste CA TEX Values'!$C$1:$C$96, '(1) Paste CA TEX Values'!$I$1:$I$96, "ERROR",0,1) -> 2.4200194 | G55: =_xlfn.XLOOKUP($B55,'(2) ETSS_Picks_by_FA_Locations'!$B$4:$B$195,'(2) ETSS_Picks_by_FA_Locations'!$G$4:$G$195,"ERROR",0,1) -> 0.5701 | H55: =_xlfn.XLOOKUP($B55,'(2) ETSS_Picks_by_FA_Locations'!$B$4:$B$195,'(2) ETSS_Picks_by_FA_Locations'!$I$4:$I$195,"ERROR",0,1) -> 0.1219 | I55: =0.3*(F55) -> 0.72600581 | J55: =SUM(F55:I55) -> 3.8380252 | K55: 0 | L55: =K55*J55 -> 0 | M55: =SUM(J55,L55) -> 3.8380252 | N55: 9415102 | O55: =IF(E55=N55, "-", "ERROR") -> -
A56: Contra Costa | B56: Hercules | C56: =_xlfn.XLOOKUP(D56,'(1) Paste CA TEX Values'!$C$2:$C$96,'(1) Paste CA TEX Values'!$D$2:$D$96,"ERROR",0,1) -> Mare Island | D56: MRE | E56: 9415102 | F56: =_xlfn.XLOOKUP($D56,'(1) Paste CA TEX Values'!$C$1:$C$96, '(1) Paste CA TEX Values'!$I$1:$I$96, "ERROR",0,1) -> 2.4200194 | G56: =_xlfn.XLOOKUP($B56,'(2) ETSS_Picks_by_FA_Locations'!$B$4:$B$195,'(2) ETSS_Picks_by_FA_Locations'!$G$4:$G$195,"ERROR",0,1) -> 0.5701 | H56: =_xlfn.XLOOKUP($B56,'(2) ETSS_Picks_by_FA_Locations'!$B$4:$B$195,'(2) ETSS_Picks_by_FA_Locations'!$I$4:$I$195,"ERROR",0,1) -> 0.1219 | I56: =0.3*(F56) -> 0.72600581 | J56: =SUM(F56:I56) -> 3.8380252 | K56: 0 | L56: =K56*J56 -> 0 | M56: =SUM(J56,L56) -> 3.8380252 | N56: 9415102 | O56: =IF(E56=N56, "-", "ERROR") -> -
A57: Contra Costa | B57: Pinole | C57: =_xlfn.XLOOKUP(D57,'(1) Paste CA TEX Values'!$C$2:$C$96,'(1) Paste CA TEX Values'!$D$2:$D$96,"ERROR",0,1) -> Mare Island | D57: MRE | E57: 9415102 | F57: =_xlfn.XLOOKUP($D57,'(1) Paste CA TEX Values'!$C$1:$C$96, '(1) Paste CA TEX Values'!$I$1:$I$96, "ERROR",0,1) -> 2.4200194 | G57: =_xlfn.XLOOKUP($B57,'(2) ETSS_Picks_by_FA_Locations'!$B$4:$B$195,'(2) ETSS_Picks_by_FA_Locations'!$G$4:$G$195,"ERROR",0,1) -> 0.5701 | H57: =_xlfn.XLOOKUP($B57,'(2) ETSS_Picks_by_FA_Locations'!$B$4:$B$195,'(2) ETSS_Picks_by_FA_Locations'!$I$4:$I$195,"ERROR",0,1) -> 0.1219 | I57: =0.3*(F57) -> 0.72600581 | J57: =SUM(F57:I57) -> 3.8380252 | K57: 0 | L57: =K57*J57 -> 0 | M57: =SUM(J57,L57) -> 3.8380252 | N57: 9415102 | O57: =IF(E57=N57, "-", "ERROR") -> -
A58: Contra Costa | B58: Bayview | C58: =_xlfn.XLOOKUP(D58,'(1) Paste CA TEX Values'!$C$2:$C$96,'(1) Paste CA TEX Values'!$D$2:$D$96,"ERROR",0,1) -> Mare Island | D58: MRE | E58: 9415102 | F58: =_xlfn.XLOOKUP($D58,'(1) Paste CA TEX Values'!$C$1:$C$96, '(1) Paste CA TEX Values'!$I$1:$I$96, "ERROR",0,1) -> 2.4200194 | G58: =_xlfn.XLOOKUP($B58,'(2) ETSS_Picks_by_FA_Locations'!$B$4:$B$195,'(2) ETSS_Picks_by_FA_Locations'!$G$4:$G$195,"ERROR",0,1) -> 0.5701 | H58: =_xlfn.XLOOKUP($B58,'(2) ETSS_Picks_by_FA_Locations'!$B$4:$B$195,'(2) ETSS_Picks_by_FA_Locations'!$I$4:$I$195,"ERROR",0,1) -> 0.1219 | I58: =0.3*(F58) -> 0.72600581 | J58: =SUM(F58:I58) -> 3.8380252 | K58: 0 | L58: =K58*J58 -> 0 | M58: =SUM(J58,L58) -> 3.8380252 | N58: 9415102 | O58: =IF(E58=N58, "-", "ERROR") -> -
A59: Contra Costa | B59: Point Pinole | C59: =_xlfn.XLOOKUP(D59,'(1) Paste CA TEX Values'!$C$2:$C$96,'(1) Paste CA TEX Values'!$D$2:$D$96,"ERROR",0,1) -> Mare Island | D59: MRE | E59: 9415102 | F59: =_xlfn.XLOOKUP($D59,'(1) Paste CA TEX Values'!$C$1:$C$96, '(1) Paste CA TEX Values'!$I$1:$I$96, "ERROR",0,1) -> 2.4200194 | G59: =_xlfn.XLOOKUP($B59,'(2) ETSS_Picks_by_FA_Locations'!$B$4:$B$195,'(2) ETSS_Picks_by_FA_Locations'!$G$4:$G$195,"ERROR",0,1) -> 0.5701 | H59: =_xlfn.XLOOKUP($B59,'(2) ETSS_Picks_by_FA_Locations'!$B$4:$B$195,'(2) ETSS_Picks_by_FA_Locations'!$I$4:$I$195,"ERROR",0,1) -> 0.1219 | I59: =0.3*(F59) -> 0.72600581 | J59: =SUM(F59:I59) -> 3.8380252 | K59: 0 | L59: =K59*J59 -> 0 | M59: =SUM(J59,L59) -> 3.8380252 | N59: 9415102 | O59: =IF(E59=N59, "-", "ERROR") -> -
A60: Contra Costa | B60: North Richmond | C60: =_xlfn.XLOOKUP(D60,'(1) Paste CA TEX Values'!$C$2:$C$96,'(1) Paste CA TEX Values'!$D$2:$D$96,"ERROR",0,1) -> Richmond | D60: RID | E60: 9414863 | F60: =_xlfn.XLOOKUP($D60,'(1) Paste CA TEX Values'!$C$1:$C$96, '(1) Paste CA TEX Values'!$I$1:$I$96, "ERROR",0,1) -> 2.5188487 | G60: =_xlfn.XLOOKUP($B60,'(2) ETSS_Picks_by_FA_Locations'!$B$4:$B$195,'(2) ETSS_Picks_by_FA_Locations'!$G$4:$G$195,"ERROR",0,1) -> 0.6912 | H60: =_xlfn.XLOOKUP($B60,'(2) ETSS_Picks_by_FA_Locations'!$B$4:$B$195,'(2) ETSS_Picks_by_FA_Locations'!$I$4:$I$195,"ERROR",0,1) -> 0.0914 | I60: =0.3*(F60) -> 0.75565462 | J60: =SUM(F60:I60) -> 4.0571034 | K60: 0 | L60: =K60*J60 -> 0 | M60: =SUM(J60,L60) -> 4.0571034 | N60: 9414863 | O60: =IF(E60=N60, "-", "ERROR") -> -
A61: Contra Costa | B61: Point Richmond | C61: =_xlfn.XLOOKUP(D61,'(1) Paste CA TEX Values'!$C$2:$C$96,'(1) Paste CA TEX Values'!$D$2:$D$96,"ERROR",0,1) -> Richmond | D61: RID | E61: 9414863 | F61: =_xlfn.XLOOKUP($D61,'(1) Paste CA TEX Values'!$C$1:$C$96, '(1) Paste CA TEX Values'!$I$1:$I$96, "ERROR",0,1) -> 2.5188487 | G61: =_xlfn.XLOOKUP($B61,'(2) ETSS_Picks_by_FA_Locations'!$B$4:$B$195,'(2) ETSS_Picks_by_FA_Locations'!$G$4:$G$195,"ERROR",0,1) -> 0.6912 | H61: =_xlfn.XLOOKUP($B61,'(2) ETSS_Picks_by_FA_Locations'!$B$4:$B$195,'(2) ETSS_Picks_by_FA_Locations'!$I$4:$I$195,"ERROR",0,1) -> 0.0914 | I61: =0.3*(F61) -> 0.75565462 | J61: =SUM(F61:I61) -> 4.0571034 | K61: 0 | L61: =K61*J61 -> 0 | M61: =SUM(J61,L61) -> 4.0571034 | N61: 9414863 | O61: =IF(E61=N61, "-", "ERROR") -> - | P61: Richmond
A62: Contra Costa | B62: Richmond | C62: =_xlfn.XLOOKUP(D62,'(1) Paste CA TEX Values'!$C$2:$C$96,'(1) Paste CA TEX Values'!$D$2:$D$96,"ERROR",0,1) -> Richmond | D62: RID | E62: 9414863 | F62: =_xlfn.XLOOKUP($D62,'(1) Paste CA TEX Values'!$C$1:$C$96, '(1) Paste CA TEX Values'!$I$1:$I$96, "ERROR",0,1) -> 2.5188487 | G62: =_xlfn.XLOOKUP($B62,'(2) ETSS_Picks_by_FA_Locations'!$B$4:$B$195,'(2) ETSS_Picks_by_FA_Locations'!$G$4:$G$195,"ERROR",0,1) -> 0.6912 | H62: =_xlfn.XLOOKUP($B62,'(2) ETSS_Picks_by_FA_Locations'!$B$4:$B$195,'(2) ETSS_Picks_by_FA_Locations'!$I$4:$I$195,"ERROR",0,1) -> 0.0914 | I62: =0.3*(F62) -> 0.75565462 | J62: =SUM(F62:I62) -> 4.0571034 | K62: 0 | L62: =K62*J62 -> 0 | M62: =SUM(J62,L62) -> 4.0571034 | N62: 9414863 | O62: =IF(E62=N62, "-", "ERROR") -> - | P62: https://tidesandcurrents.noaa.gov/waterlevels.html?id=9414863&units=metric&timezone=LST/LDT&datum=MSL&interval=6&action=
A63: Alameda | B63: Albany | C63: =_xlfn.XLOOKUP(D63,'(1) Paste CA TEX Values'!$C$2:$C$96,'(1) Paste CA TEX Values'!$D$2:$D$96,"ERROR",0,1) -> Richmond | D63: RID | E63: 9414863 | F63: =_xlfn.XLOOKUP($D63,'(1) Paste CA TEX Values'!$C$1:$C$96, '(1) Paste CA TEX Values'!$I$1:$I$96, "ERROR",0,1) -> 2.5188487 | G63: =_xlfn.XLOOKUP($B63,'(2) ETSS_Picks_by_FA_Locations'!$B$4:$B$195,'(2) ETSS_Picks_by_FA_Locations'!$G$4:$G$195,"ERROR",0,1) -> 0.6912 | H63: =_xlfn.XLOOKUP($B63,'(2) ETSS_Picks_by_FA_Locations'!$B$4:$B$195,'(2) ETSS_Picks_by_FA_Locations'!$I$4:$I$195,"ERROR",0,1) -> 0.0914 | I63: =0.3*(F63) -> 0.75565462 | J63: =SUM(F63:I63) -> 4.0571034 | K63: 0.1 | L63: =K63*J63 -> 0.40571034 | M63: =SUM(J63,L63) -> 4.4628137 | N63: 9414863 | O63: =IF(E63=N63, "-", "ERROR") -> -
A64: Alameda | B64: Berkeley | C64: =_xlfn.XLOOKUP(D64,'(1) Paste CA TEX Values'!$C$2:$C$96,'(1) Paste CA TEX Values'!$D$2:$D$96,"ERROR",0,1) -> Richmond | D64: RID | E64: 9414863 | F64: =_xlfn.XLOOKUP($D64,'(1) Paste CA TEX Values'!$C$1:$C$96, '(1) Paste CA TEX Values'!$I$1:$I$96, "ERROR",0,1) -> 2.5188487 | G64: =_xlfn.XLOOKUP($B64,'(2) ETSS_Picks_by_FA_Locations'!$B$4:$B$195,'(2) ETSS_Picks_by_FA_Locations'!$G$4:$G$195,"ERROR",0,1) -> 0.6912 | H64: =_xlfn.XLOOKUP($B64,'(2) ETSS_Picks_by_FA_Locations'!$B$4:$B$195,'(2) ETSS_Picks_by_FA_Locations'!$I$4:$I$195,"ERROR",0,1) -> 0.0914 | I64: =0.3*(F64) -> 0.75565462 | J64: =SUM(F64:I64) -> 4.0571034 | K64: 0.1 | L64: =K64*J64 -> 0.40571034 | M64: =SUM(J64,L64) -> 4.4628137 | N64: 9414863 | O64: =IF(E64=N64, "-", "ERROR") -> -
A65: Alameda | B65: Emeryville | C65: =_xlfn.XLOOKUP(D65,'(1) Paste CA TEX Values'!$C$2:$C$96,'(1) Paste CA TEX Values'!$D$2:$D$96,"ERROR",0,1) -> Richmond | D65: RID | E65: 9414863 | F65: =_xlfn.XLOOKUP($D65,'(1) Paste CA TEX Values'!$C$1:$C$96, '(1) Paste CA TEX Values'!$I$1:$I$96, "ERROR",0,1) -> 2.5188487 | G65: =_xlfn.XLOOKUP($B65,'(2) ETSS_Picks_by_FA_Locations'!$B$4:$B$195,'(2) ETSS_Picks_by_FA_Locations'!$G$4:$G$195,"ERROR",0,1) -> 0.6912 | H65: =_xlfn.XLOOKUP($B65,'(2) ETSS_Picks_by_FA_Locations'!$B$4:$B$195,'(2) ETSS_Picks_by_FA_Locations'!$I$4:$I$195,"ERROR",0,1) -> 0.0914 | I65: =0.3*(F65) -> 0.75565462 | J65: =SUM(F65:I65) -> 4.0571034 | K65: 0.1 | L65: =K65*J65 -> 0.40571034 | M65: =SUM(J65,L65) -> 4.4628137 | N65: 9414863 | O65: =IF(E65=N65, "-", "ERROR") -> -
A66: Alameda | B66: Oakland Outer Harbor | C66: =_xlfn.XLOOKUP(D66,'(1) Paste CA TEX Values'!$C$2:$C$96,'(1) Paste CA TEX Values'!$D$2:$D$96,"ERROR",0,1) -> Oakland Outer Harbor | D66: OOH | E66: 9414750 | F66: =_xlfn.XLOOKUP($D66,'(1) Paste CA TEX Values'!$C$1:$C$96, '(1) Paste CA TEX Values'!$I$1:$I$96, "ERROR",0,1) -> 3.0073641 | G66: =_xlfn.XLOOKUP($B66,'(2) ETSS_Picks_by_FA_Locations'!$B$4:$B$195,'(2) ETSS_Picks_by_FA_Locations'!$G$4:$G$195,"ERROR",0,1) -> 0.7793 | H66: =_xlfn.XLOOKUP($B66,'(2) ETSS_Picks_by_FA_Locations'!$B$4:$B$195,'(2) ETSS_Picks_by_FA_Locations'!$I$4:$I$195,"ERROR",0,1) -> 0.061 | I66: =0.3*(F66) -> 0.90220924 | J66: =SUM(F66:I66) -> 4.7498734 | K66: 0.1 | L66: =K66*J66 -> 0.47498734 | M66: =SUM(J66,L66) -> 5.2248607 | N66: 9414750 | O66: =IF(E66=N66, "-", "ERROR") -> - | P66: Alameda
A67: Alameda | B67: Alameda | C67: =_xlfn.XLOOKUP(D67,'(1) Paste CA TEX Values'!$C$2:$C$96,'(1) Paste CA TEX Values'!$D$2:$D$96,"ERROR",0,1) -> Alameda | D67: ALA | E67: 9414750 | F67: =_xlfn.XLOOKUP($D67,'(1) Paste CA TEX Values'!$C$1:$C$96, '(1) Paste CA TEX Values'!$I$1:$I$96, "ERROR",0,1) -> 1.4056515 | G67: =_xlfn.XLOOKUP($B67,'(2) ETSS_Picks_by_FA_Locations'!$B$4:$B$195,'(2) ETSS_Picks_by_FA_Locations'!$G$4:$G$195,"ERROR",0,1) -> 0.7793 | H67: =_xlfn.XLOOKUP($B67,'(2) ETSS_Picks_by_FA_Locations'!$B$4:$B$195,'(2) ETSS_Picks_by_FA_Locations'!$I$4:$I$195,"ERROR",0,1) -> 0.061 | I67: =0.3*(F67) -> 0.42169545 | J67: =SUM(F67:I67) -> 2.667647 | K67: 0.1 | L67: =K67*J67 -> 0.2667647 | M67: =SUM(J67,L67) -> 2.9344117 | N67: 9414750 | O67: =IF(E67=N67, "-", "ERROR") -> - | P67: https://tidesandcurrents.noaa.gov/waterlevels.html?id=9414750&units=metric&timezone=LST/LDT&datum=MSL&interval=6&action=
A68: Alameda | B68: Bayfarm Island Airport | C68: =_xlfn.XLOOKUP(D68,'(1) Paste CA TEX Values'!$C$2:$C$96,'(1) Paste CA TEX Values'!$D$2:$D$96,"ERROR",0,1) -> Alameda | D68: ALA | E68: 9414750 | F68: =_xlfn.XLOOKUP($D68,'(1) Paste CA TEX Values'!$C$1:$C$96, '(1) Paste CA TEX Values'!$I$1:$I$96, "ERROR",0,1) -> 1.4056515 | G68: =_xlfn.XLOOKUP($B68,'(2) ETSS_Picks_by_FA_Locations'!$B$4:$B$195,'(2) ETSS_Picks_by_FA_Locations'!$G$4:$G$195,"ERROR",0,1) -> 0.7793 | H68: =_xlfn.XLOOKUP($B68,'(2) ETSS_Picks_by_FA_Locations'!$B$4:$B$195,'(2) ETSS_Picks_by_FA_Locations'!$I$4:$I$195,"ERROR",0,1) -> 0.061 | I68: =0.3*(F68) -> 0.42169545 | J68: =SUM(F68:I68) -> 2.667647 | K68: 0 | L68: =K68*J68 -> 0 | M68: =SUM(J68,L68) -> 2.667647 | N68: 9414750 | O68: =IF(E68=N68, "-", "ERROR") -> -
A69: Alameda | B69: San Leandro | C69: =_xlfn.XLOOKUP(D69,'(1) Paste CA TEX Values'!$C$2:$C$96,'(1) Paste CA TEX Values'!$D$2:$D$96,"ERROR",0,1) -> San Carlos | D69: SCL | E69: 9414750 | F69: =_xlfn.XLOOKUP($D69,'(1) Paste CA TEX Values'!$C$1:$C$96, '(1) Paste CA TEX Values'!$I$1:$I$96, "ERROR",0,1) -> 1.4039628 | G69: =_xlfn.XLOOKUP($B69,'(2) ETSS_Picks_by_FA_Locations'!$B$4:$B$195,'(2) ETSS_Picks_by_FA_Locations'!$G$4:$G$195,"ERROR",0,1) -> 0.7793 | H69: =_xlfn.XLOOKUP($B69,'(2) ETSS_Picks_by_FA_Locations'!$B$4:$B$195,'(2) ETSS_Picks_by_FA_Locations'!$I$4:$I$195,"ERROR",0,1) -> 0.061 | I69: =0.3*(F69) -> 0.42118883 | J69: =SUM(F69:I69) -> 2.6654516 | K69: 0 | L69: =K69*J69 -> 0 | M69: =SUM(J69,L69) -> 2.6654516 | N69: 9414750 | O69: =IF(E69=N69, "-", "ERROR") -> -
A70: Alameda | B70: San Lorenzo | C70: =_xlfn.XLOOKUP(D70,'(1) Paste CA TEX Values'!$C$2:$C$96,'(1) Paste CA TEX Values'!$D$2:$D$96,"ERROR",0,1) -> San Carlos | D70: SCL | E70: 9414750 | F70: =_xlfn.XLOOKUP($D70,'(1) Paste CA TEX Values'!$C$1:$C$96, '(1) Paste CA TEX Values'!$I$1:$I$96, "ERROR",0,1) -> 1.4039628 | G70: =_xlfn.XLOOKUP($B70,'(2) ETSS_Picks_by_FA_Locations'!$B$4:$B$195,'(2) ETSS_Picks_by_FA_Locations'!$G$4:$G$195,"ERROR",0,1) -> 0.7793 | H70: =_xlfn.XLOOKUP($B70,'(2) ETSS_Picks_by_FA_Locations'!$B$4:$B$195,'(2) ETSS_Picks_by_FA_Locations'!$I$4:$I$195,"ERROR",0,1) -> 0.061 | I70: =0.3*(F70) -> 0.42118883 | J70: =SUM(F70:I70) -> 2.6654516 | K70: 0 | L70: =K70*J70 -> 0 | M70: =SUM(J70,L70) -> 2.6654516 | N70: 9414750 | O70: =IF(E70=N70, "-", "ERROR") -> -
A71: Alameda | B71: Hayward | C71: =_xlfn.XLOOKUP(D71,'(1) Paste CA TEX Values'!$C$2:$C$96,'(1) Paste CA TEX Values'!$D$2:$D$96,"ERROR",0,1) -> San Carlos | D71: SCL | E71: 9414523 | F71: =_xlfn.XLOOKUP($D71,'(1) Paste CA TEX Values'!$C$1:$C$96, '(1) Paste CA TEX Values'!$I$1:$I$96, "ERROR",0,1) -> 1.4039628 | G71: =_xlfn.XLOOKUP($B71,'(2) ETSS_Picks_by_FA_Locations'!$B$4:$B$195,'(2) ETSS_Picks_by_FA_Locations'!$G$4:$G$195,"ERROR",0,1) -> 0.9684 | H71: =_xlfn.XLOOKUP($B71,'(2) ETSS_Picks_by_FA_Locations'!$B$4:$B$195,'(2) ETSS_Picks_by_FA_Locations'!$I$4:$I$195,"ERROR",0,1) -> 0.0914 | I71: =0.3*(F71) -> 0.42118883 | J71: =SUM(F71:I71) -> 2.8849516 | K71: 0 | L71: =K71*J71 -> 0 | M71: =SUM(J71,L71) -> 2.8849516 | N71: 9414523 | O71: =IF(E71=N71, "-", "ERROR") -> -
A72: Alameda | B72: Fremont | C72: =_xlfn.XLOOKUP(D72,'(1) Paste CA TEX Values'!$C$2:$C$96,'(1) Paste CA TEX Values'!$D$2:$D$96,"ERROR",0,1) -> Alviso | D72: AVO | E72: 9414523 | F72: =_xlfn.XLOOKUP($D72,'(1) Paste CA TEX Values'!$C$1:$C$96, '(1) Paste CA TEX Values'!$I$1:$I$96, "ERROR",0,1) -> 1.0810731 | G72: =_xlfn.XLOOKUP($B72,'(2) ETSS_Picks_by_FA_Locations'!$B$4:$B$195,'(2) ETSS_Picks_by_FA_Locations'!$G$4:$G$195,"ERROR",0,1) -> 0.9675 | H72: =_xlfn.XLOOKUP($B72,'(2) ETSS_Picks_by_FA_Locations'!$B$4:$B$195,'(2) ETSS_Picks_by_FA_Locations'!$I$4:$I$195,"ERROR",0,1) -> 0.0914 | I72: =0.3*(F72) -> 0.32432193 | J72: =SUM(F72:I72) -> 2.464295 | K72: 0 | L72: =K72*J72 -> 0 | M72: =SUM(J72,L72) -> 2.464295 | N72: 9414523 | O72: =IF(E72=N72, "-", "ERROR") -> - | P72: Redwood City
A73: Santa Clara | B73: Alviso | C73: =_xlfn.XLOOKUP(D73,'(1) Paste CA TEX Values'!$C$2:$C$96,'(1) Paste CA TEX Values'!$D$2:$D$96,"ERROR",0,1) -> Alviso | D73: AVO | E73: 9414523 | F73: =_xlfn.XLOOKUP($D73,'(1) Paste CA TEX Values'!$C$1:$C$96, '(1) Paste CA TEX Values'!$I$1:$I$96, "ERROR",0,1) -> 1.0810731 | G73: =_xlfn.XLOOKUP($B73,'(2) ETSS_Picks_by_FA_Locations'!$B$4:$B$195,'(2) ETSS_Picks_by_FA_Locations'!$G$4:$G$195,"ERROR",0,1) -> 0.9675 | H73: =_xlfn.XLOOKUP($B73,'(2) ETSS_Picks_by_FA_Locations'!$B$4:$B$195,'(2) ETSS_Picks_by_FA_Locations'!$I$4:$I$195,"ERROR",0,1) -> 0.0914 | I73: =0.3*(F73) -> 0.32432193 | J73: =SUM(F73:I73) -> 2.464295 | K73: 0 | L73: =K73*J73 -> 0 | M73: =SUM(J73,L73) -> 2.464295 | N73: 9414523 | O73: =IF(E73=N73, "-", "ERROR") -> -
A74: San Francisco | B74: Ocean Beach | C74: =_xlfn.XLOOKUP(D74,'(1) Paste CA TEX Values'!$C$2:$C$96,'(1) Paste CA TEX Values'!$D$2:$D$96,"ERROR",0,1) -> Ocean Beach | D74: OCB | E74: 9414290 | F74: =_xlfn.XLOOKUP($D74,'(1) Paste CA TEX Values'!$C$1:$C$96, '(1) Paste CA TEX Values'!$I$1:$I$96, "ERROR",0,1) -> 2.5772233 | G74: =_xlfn.XLOOKUP($B74,'(2) ETSS_Picks_by_FA_Locations'!$B$4:$B$195,'(2) ETSS_Picks_by_FA_Locations'!$G$4:$G$195,"ERROR",0,1) -> 0.6565 | H74: =_xlfn.XLOOKUP($B74,'(2) ETSS_Picks_by_FA_Locations'!$B$4:$B$195,'(2) ETSS_Picks_by_FA_Locations'!$I$4:$I$195,"ERROR",0,1) -> 0.0914 | I74: =0.3*(F74) -> 0.77316698 | J74: =SUM(F74:I74) -> 4.0982903 | K74: 0.1 | L74: =K74*J74 -> 0.40982903 | M74: =SUM(J74,L74) -> 4.5081193 | N74: 9414290 | O74: =IF(E74=N74, "-", "ERROR") -> -
A75: San Francisco | B75: Baker Beach | C75: =_xlfn.XLOOKUP(D75,'(1) Paste CA TEX Values'!$C$2:$C$96,'(1) Paste CA TEX Values'!$D$2:$D$96,"ERROR",0,1) -> San Francisco | D75: SFC | E75: 9414290 | F75: =_xlfn.XLOOKUP($D75,'(1) Paste CA TEX Values'!$C$1:$C$96, '(1) Paste CA TEX Values'!$I$1:$I$96, "ERROR",0,1) -> 2.1465626 | G75: =_xlfn.XLOOKUP($B75,'(2) ETSS_Picks_by_FA_Locations'!$B$4:$B$195,'(2) ETSS_Picks_by_FA_Locations'!$G$4:$G$195,"ERROR",0,1) -> 0.6565 | H75: =_xlfn.XLOOKUP($B75,'(2) ETSS_Picks_by_FA_Locations'!$B$4:$B$195,'(2) ETSS_Picks_by_FA_Locations'!$I$4:$I$195,"ERROR",0,1) -> 0.0914 | I75: =0.3*(F75) -> 0.64396878 | J75: =SUM(F75:I75) -> 3.5384314 | K75: 0.1 | L75: =K75*J75 -> 0.35384314 | M75: =SUM(J75,L75) -> 3.8922745 | N75: 9414290 | O75: =IF(E75=N75, "-", "ERROR") -> - | P75: San Francisco
A76: San Francisco | B76: Fort Point | C76: =_xlfn.XLOOKUP(D76,'(1) Paste CA TEX Values'!$C$2:$C$96,'(1) Paste CA TEX Values'!$D$2:$D$96,"ERROR",0,1) -> San Francisco | D76: SFC | E76: 9414290 | F76: =_xlfn.XLOOKUP($D76,'(1) Paste CA TEX Values'!$C$1:$C$96, '(1) Paste CA TEX Values'!$I$1:$I$96, "ERROR",0,1) -> 2.1465626 | G76: =_xlfn.XLOOKUP($B76,'(2) ETSS_Picks_by_FA_Locations'!$B$4:$B$195,'(2) ETSS_Picks_by_FA_Locations'!$G$4:$G$195,"ERROR",0,1) -> 0.6565 | H76: =_xlfn.XLOOKUP($B76,'(2) ETSS_Picks_by_FA_Locations'!$B$4:$B$195,'(2) ETSS_Picks_by_FA_Locations'!$I$4:$I$195,"ERROR",0,1) -> 0.0914 | I76: =0.3*(F76) -> 0.64396878 | J76: =SUM(F76:I76) -> 3.5384314 | K76: 0.1 | L76: =K76*J76 -> 0.35384314 | M76: =SUM(J76,L76) -> 3.8922745 | N76: 9414290 | O76: =IF(E76=N76, "-", "ERROR") -> - | P76: https://tidesandcurrents.noaa.gov/waterlevels.html?id=9414290&units=metric&timezone=LST/LDT&datum=MSL&interval=6&action=
A77: San Francisco | B77: Crissy Field | C77: =_xlfn.XLOOKUP(D77,'(1) Paste CA TEX Values'!$C$2:$C$96,'(1) Paste CA TEX Values'!$D$2:$D$96,"ERROR",0,1) -> San Francisco | D77: SFC | E77: 9414290 | F77: =_xlfn.XLOOKUP($D77,'(1) Paste CA TEX Values'!$C$1:$C$96, '(1) Paste CA TEX Values'!$I$1:$I$96, "ERROR",0,1) -> 2.1465626 | G77: =_xlfn.XLOOKUP($B77,'(2) ETSS_Picks_by_FA_Locations'!$B$4:$B$195,'(2) ETSS_Picks_by_FA_Locations'!$G$4:$G$195,"ERROR",0,1) -> 0.6565 | H77: =_xlfn.XLOOKUP($B77,'(2) ETSS_Picks_by_FA_Locations'!$B$4:$B$195,'(2) ETSS_Picks_by_FA_Locations'!$I$4:$I$195,"ERROR",0,1) -> 0.0914 | I77: =0.3*(F77) -> 0.64396878 | J77: =SUM(F77:I77) -> 3.5384314 | K77: 0.1 | L77: =K77*J77 -> 0.35384314 | M77: =SUM(J77,L77) -> 3.8922745 | N77: 9414290 | O77: =IF(E77=N77, "-", "ERROR") -> -
A78: San Francisco | B78: Marina Green | C78: =_xlfn.XLOOKUP(D78,'(1) Paste CA TEX Values'!$C$2:$C$96,'(1) Paste CA TEX Values'!$D$2:$D$96,"ERROR",0,1) -> San Francisco | D78: SFC | E78: 9414290 | F78: =_xlfn.XLOOKUP($D78,'(1) Paste CA TEX Values'!$C$1:$C$96, '(1) Paste CA TEX Values'!$I$1:$I$96, "ERROR",0,1) -> 2.1465626 | G78: =_xlfn.XLOOKUP($B78,'(2) ETSS_Picks_by_FA_Locations'!$B$4:$B$195,'(2) ETSS_Picks_by_FA_Locations'!$G$4:$G$195,"ERROR",0,1) -> 0.6565 | H78: =_xlfn.XLOOKUP($B78,'(2) ETSS_Picks_by_FA_Locations'!$B$4:$B$195,'(2) ETSS_Picks_by_FA_Locations'!$I$4:$I$195,"ERROR",0,1) -> 0.0914 | I78: =0.3*(F78) -> 0.64396878 | J78: =SUM(F78:I78) -> 3.5384314 | K78: 0.1 | L78: =K78*J78 -> 0.35384314 | M78: =SUM(J78,L78) -> 3.8922745 | N78: 9414290 | O78: =IF(E78=N78, "-", "ERROR") -> -
A79: San Francisco | B79: Black Pt-Aquatic Pk | C79: =_xlfn.XLOOKUP(D79,'(1) Paste CA TEX Values'!$C$2:$C$96,'(1) Paste CA TEX Values'!$D$2:$D$96,"ERROR",0,1) -> San Francisco | D79: SFC | E79: 9414290 | F79: =_xlfn.XLOOKUP($D79,'(1) Paste CA TEX Values'!$C$1:$C$96, '(1) Paste CA TEX Values'!$I$1:$I$96, "ERROR",0,1) -> 2.1465626 | G79: =_xlfn.XLOOKUP($B79,'(2) ETSS_Picks_by_FA_Locations'!$B$4:$B$195,'(2) ETSS_Picks_by_FA_Locations'!$G$4:$G$195,"ERROR",0,1) -> 0.6565 | H79: =_xlfn.XLOOKUP($B79,'(2) ETSS_Picks_by_FA_Locations'!$B$4:$B$195,'(2) ETSS_Picks_by_FA_Locations'!$I$4:$I$195,"ERROR",0,1) -> 0.0914 | I79: =0.3*(F79) -> 0.64396878 | J79: =SUM(F79:I79) -> 3.5384314 | K79: 0.1 | L79: =K79*J79 -> 0.35384314 | M79: =SUM(J79,L79) -> 3.8922745 | N79: 9414290 | O79: =IF(E79=N79, "-", "ERROR") -> -
A80: San Francisco | B80: Fishermans Wharf | C80: =_xlfn.XLOOKUP(D80,'(1) Paste CA TEX Values'!$C$2:$C$96,'(1) Paste CA TEX Values'!$D$2:$D$96,"ERROR",0,1) -> San Francisco | D80: SFC | E80: 9414290 | F80: =_xlfn.XLOOKUP($D80,'(1) Paste CA TEX Values'!$C$1:$C$96, '(1) Paste CA TEX Values'!$I$1:$I$96, "ERROR",0,1) -> 2.1465626 | G80: =_xlfn.XLOOKUP($B80,'(2) ETSS_Picks_by_FA_Locations'!$B$4:$B$195,'(2) ETSS_Picks_by_FA_Locations'!$G$4:$G$195,"ERROR",0,1) -> 0.6565 | H80: =_xlfn.XLOOKUP($B80,'(2) ETSS_Picks_by_FA_Locations'!$B$4:$B$195,'(2) ETSS_Picks_by_FA_Locations'!$I$4:$I$195,"ERROR",0,1) -> 0.0914 | I80: =0.3*(F80) -> 0.64396878 | J80: =SUM(F80:I80) -> 3.5384314 | K80: 0.1 | L80: =K80*J80 -> 0.35384314 | M80: =SUM(J80,L80) -> 3.8922745 | N80: 9414290 | O80: =IF(E80=N80, "-", "ERROR") -> -
A81: San Francisco | B81: Ferry Building | C81: =_xlfn.XLOOKUP(D81,'(1) Paste CA TEX Values'!$C$2:$C$96,'(1) Paste CA TEX Values'!$D$2:$D$96,"ERROR",0,1) -> Alameda | D81: ALA | E81: 9414750 | F81: =_xlfn.XLOOKUP($D81,'(1) Paste CA TEX Values'!$C$1:$C$96, '(1) Paste CA TEX Values'!$I$1:$I$96, "ERROR",0,1) -> 1.4056515 | G81: =_xlfn.XLOOKUP($B81,'(2) ETSS_Picks_by_FA_Locations'!$B$4:$B$195,'(2) ETSS_Picks_by_FA_Locations'!$G$4:$G$195,"ERROR",0,1) -> 0.7793 | H81: =_xlfn.XLOOKUP($B81,'(2) ETSS_Picks_by_FA_Locations'!$B$4:$B$195,'(2) ETSS_Picks_by_FA_Locations'!$I$4:$I$195,"ERROR",0,1) -> 0.061 | I81: =0.3*(F81) -> 0.42169545 | J81: =SUM(F81:I81) -> 2.667647 | K81: 0.1 | L81: =K81*J81 -> 0.2667647 | M81: =SUM(J81,L81) -> 2.9344117 | N81: 9414750 | O81: =IF(E81=N81, "-", "ERROR") -> - | P81: Alameda
A82: San Francisco | B82: China Basin | C82: =_xlfn.XLOOKUP(D82,'(1) Paste CA TEX Values'!$C$2:$C$96,'(1) Paste CA TEX Values'!$D$2:$D$96,"ERROR",0,1) -> Alameda | D82: ALA | E82: 9414750 | F82: =_xlfn.XLOOKUP($D82,'(1) Paste CA TEX Values'!$C$1:$C$96, '(1) Paste CA TEX Values'!$I$1:$I$96, "ERROR",0,1) -> 1.4056515 | G82: =_xlfn.XLOOKUP($B82,'(2) ETSS_Picks_by_FA_Locations'!$B$4:$B$195,'(2) ETSS_Picks_by_FA_Locations'!$G$4:$G$195,"ERROR",0,1) -> 0.7793 | H82: =_xlfn.XLOOKUP($B82,'(2) ETSS_Picks_by_FA_Locations'!$B$4:$B$195,'(2) ETSS_Picks_by_FA_Locations'!$I$4:$I$195,"ERROR",0,1) -> 0.061 | I82: =0.3*(F82) -> 0.42169545 | J82: =SUM(F82:I82) -> 2.667647 | K82: 0.1 | L82: =K82*J82 -> 0.2667647 | M82: =SUM(J82,L82) -> 2.9344117 | N82: 9414750 | O82: =IF(E82=N82, "-", "ERROR") -> - | P82: https://tidesandcurrents.noaa.gov/waterlevels.html?id=9414750&units=metric&timezone=LST/LDT&datum=MSL&interval=6&action=
A83: San Francisco | B83: Hunters Point | C83: =_xlfn.XLOOKUP(D83,'(1) Paste CA TEX Values'!$C$2:$C$96,'(1) Paste CA TEX Values'!$D$2:$D$96,"ERROR",0,1) -> Alameda | D83: ALA | E83: 9414750 | F83: =_xlfn.XLOOKUP($D83,'(1) Paste CA TEX Values'!$C$1:$C$96, '(1) Paste CA TEX Values'!$I$1:$I$96, "ERROR",0,1) -> 1.4056515 | G83: =_xlfn.XLOOKUP($B83,'(2) ETSS_Picks_by_FA_Locations'!$B$4:$B$195,'(2) ETSS_Picks_by_FA_Locations'!$G$4:$G$195,"ERROR",0,1) -> 0.7793 | H83: =_xlfn.XLOOKUP($B83,'(2) ETSS_Picks_by_FA_Locations'!$B$4:$B$195,'(2) ETSS_Picks_by_FA_Locations'!$I$4:$I$195,"ERROR",0,1) -> 0.061 | I83: =0.3*(F83) -> 0.42169545 | J83: =SUM(F83:I83) -> 2.667647 | K83: 0.1 | L83: =K83*J83 -> 0.2667647 | M83: =SUM(J83,L83) -> 2.9344117 | N83: 9414750 | O83: =IF(E83=N83, "-", "ERROR") -> -
A84: San Francisco | B84: Candlestick Point | C84: =_xlfn.XLOOKUP(D84,'(1) Paste CA TEX Values'!$C$2:$C$96,'(1) Paste CA TEX Values'!$D$2:$D$96,"ERROR",0,1) -> Alameda | D84: ALA | E84: 9414750 | F84: =_xlfn.XLOOKUP($D84,'(1) Paste CA TEX Values'!$C$1:$C$96, '(1) Paste CA TEX Values'!$I$1:$I$96, "ERROR",0,1) -> 1.4056515 | G84: =_xlfn.XLOOKUP($B84,'(2) ETSS_Picks_by_FA_Locations'!$B$4:$B$195,'(2) ETSS_Picks_by_FA_Locations'!$G$4:$G$195,"ERROR",0,1) -> 0.7793 | H84: =_xlfn.XLOOKUP($B84,'(2) ETSS_Picks_by_FA_Locations'!$B$4:$B$195,'(2) ETSS_Picks_by_FA_Locations'!$I$4:$I$195,"ERROR",0,1) -> 0.061 | I84: =0.3*(F84) -> 0.42169545 | J84: =SUM(F84:I84) -> 2.667647 | K84: 0.1 | L84: =K84*J84 -> 0.2667647 | M84: =SUM(J84,L84) -> 2.9344117 | N84: 9414750 | O84: =IF(E84=N84, "-", "ERROR") -> -
A85: San Francisco | B85: Alcatraz Island | C85: =_xlfn.XLOOKUP(D85,'(1) Paste CA TEX Values'!$C$2:$C$96,'(1) Paste CA TEX Values'!$D$2:$D$96,"ERROR",0,1) -> San Francisco | D85: SFC | E85: 9414290 | F85: =_xlfn.XLOOKUP($D85,'(1) Paste CA TEX Values'!$C$1:$C$96, '(1) Paste CA TEX Values'!$I$1:$I$96, "ERROR",0,1) -> 2.1465626 | G85: =_xlfn.XLOOKUP($B85,'(2) ETSS_Picks_by_FA_Locations'!$B$4:$B$195,'(2) ETSS_Picks_by_FA_Locations'!$G$4:$G$195,"ERROR",0,1) -> 0.6565 | H85: =_xlfn.XLOOKUP($B85,'(2) ETSS_Picks_by_FA_Locations'!$B$4:$B$195,'(2) ETSS_Picks_by_FA_Locations'!$I$4:$I$195,"ERROR",0,1) -> 0.0914 | I85: =0.3*(F85) -> 0.64396878 | J85: =SUM(F85:I85) -> 3.5384314 | K85: 0.2 | L85: =K85*J85 -> 0.70768628 | M85: =SUM(J85,L85) -> 4.2461177 | N85: 9414290 | O85: =IF(E85=N85, "-", "ERROR") -> - | P85: San Francisco
A86: San Francisco | B86: Treasure Island | C86: =_xlfn.XLOOKUP(D86,'(1) Paste CA TEX Values'!$C$2:$C$96,'(1) Paste CA TEX Values'!$D$2:$D$96,"ERROR",0,1) -> Treasure Island Marina | D86: TIM | E86: 9414290 | F86: =_xlfn.XLOOKUP($D86,'(1) Paste CA TEX Values'!$C$1:$C$96, '(1) Paste CA TEX Values'!$I$1:$I$96, "ERROR",0,1) -> 2.4675824 | G86: =_xlfn.XLOOKUP($B86,'(2) ETSS_Picks_by_FA_Locations'!$B$4:$B$195,'(2) ETSS_Picks_by_FA_Locations'!$G$4:$G$195,"ERROR",0,1) -> 0.6565 | H86: =_xlfn.XLOOKUP($B86,'(2) ETSS_Picks_by_FA_Locations'!$B$4:$B$195,'(2) ETSS_Picks_by_FA_Locations'!$I$4:$I$195,"ERROR",0,1) -> 0.0914 | I86: =0.3*(F86) -> 0.74027471 | J86: =SUM(F86:I86) -> 3.9557571 | K86: 0.1 | L86: =K86*J86 -> 0.39557571 | M86: =SUM(J86,L86) -> 4.3513328 | N86: 9414290 | O86: =IF(E86=N86, "-", "ERROR") -> - | P86: https://tidesandcurrents.noaa.gov/waterlevels.html?id=9414290&units=metric&timezone=LST/LDT&datum=MSL&interval=6&action=
A87: San Francisco | B87: Yerba Buena Island | C87: =_xlfn.XLOOKUP(D87,'(1) Paste CA TEX Values'!$C$2:$C$96,'(1) Paste CA TEX Values'!$D$2:$D$96,"ERROR",0,1) -> Treasure Island Marina | D87: TIM | E87: 9414290 | F87: =_xlfn.XLOOKUP($D87,'(1) Paste CA TEX Values'!$C$1:$C$96, '(1) Paste CA TEX Values'!$I$1:$I$96, "ERROR",0,1) -> 2.4675824 | G87: =_xlfn.XLOOKUP($B87,'(2) ETSS_Picks_by_FA_Locations'!$B$4:$B$195,'(2) ETSS_Picks_by_FA_Locations'!$G$4:$G$195,"ERROR",0,1) -> 0.6565 | H87: =_xlfn.XLOOKUP($B87,'(2) ETSS_Picks_by_FA_Locations'!$B$4:$B$195,'(2) ETSS_Picks_by_FA_Locations'!$I$4:$I$195,"ERROR",0,1) -> 0.0914 | I87: =0.3*(F87) -> 0.74027471 | J87: =SUM(F87:I87) -> 3.9557571 | K87: 0.2 | L87: =K87*J87 -> 0.79115141 | M87: =SUM(J87,L87) -> 4.7469085 | N87: 9414290 | O87: =IF(E87=N87, "-", "ERROR") -> -
A88: San Mateo | B88: Daly City | C88: =_xlfn.XLOOKUP(D88,'(1) Paste CA TEX Values'!$C$2:$C$96,'(1) Paste CA TEX Values'!$D$2:$D$96,"ERROR",0,1) -> Pacifica | D88: PAC | E88: 9414290 | F88: =_xlfn.XLOOKUP($D88,'(1) Paste CA TEX Values'!$C$1:$C$96, '(1) Paste CA TEX Values'!$I$1:$I$96, "ERROR",0,1) -> 5.4929657 | G88: =_xlfn.XLOOKUP($B88,'(2) ETSS_Picks_by_FA_Locations'!$B$4:$B$195,'(2) ETSS_Picks_by_FA_Locations'!$G$4:$G$195,"ERROR",0,1) -> 0.6565 | H88: =_xlfn.XLOOKUP($B88,'(2) ETSS_Picks_by_FA_Locations'!$B$4:$B$195,'(2) ETSS_Picks_by_FA_Locations'!$I$4:$I$195,"ERROR",0,1) -> 0.0914 | I88: =0.3*(F88) -> 1.6478897 | J88: =SUM(F88:I88) -> 7.8887554 | K88: 0.1 | L88: =K88*J88 -> 0.78887554 | M88: =SUM(J88,L88) -> 8.677631 | N88: 9414290 | O88: =IF(E88=N88, "-", "ERROR") -> -
A89: San Mateo | B89: Pacifica | C89: =_xlfn.XLOOKUP(D89,'(1) Paste CA TEX Values'!$C$2:$C$96,'(1) Paste CA TEX Values'!$D$2:$D$96,"ERROR",0,1) -> Pacifica | D89: PAC | E89: 9414290 | F89: =_xlfn.XLOOKUP($D89,'(1) Paste CA TEX Values'!$C$1:$C$96, '(1) Paste CA TEX Values'!$I$1:$I$96, "ERROR",0,1) -> 5.4929657 | G89: =_xlfn.XLOOKUP($B89,'(2) ETSS_Picks_by_FA_Locations'!$B$4:$B$195,'(2) ETSS_Picks_by_FA_Locations'!$G$4:$G$195,"ERROR",0,1) -> 0.6565 | H89: =_xlfn.XLOOKUP($B89,'(2) ETSS_Picks_by_FA_Locations'!$B$4:$B$195,'(2) ETSS_Picks_by_FA_Locations'!$I$4:$I$195,"ERROR",0,1) -> 0.0914 | I89: =0.3*(F89) -> 1.6478897 | J89: =SUM(F89:I89) -> 7.8887554 | K89: 0.1 | L89: =K89*J89 -> 0.78887554 | M89: =SUM(J89,L89) -> 8.677631 | N89: 9414290 | O89: =IF(E89=N89, "-", "ERROR") -> -
A90: San Mateo | B90: Montara | C90: =_xlfn.XLOOKUP(D90,'(1) Paste CA TEX Values'!$C$2:$C$96,'(1) Paste CA TEX Values'!$D$2:$D$96,"ERROR",0,1) -> Half Moon Bay | D90: HMB | E90: 9414290 | F90: =_xlfn.XLOOKUP($D90,'(1) Paste CA TEX Values'!$C$1:$C$96, '(1) Paste CA TEX Values'!$I$1:$I$96, "ERROR",0,1) -> 4.1623739 | G90: =_xlfn.XLOOKUP($B90,'(2) ETSS_Picks_by_FA_Locations'!$B$4:$B$195,'(2) ETSS_Picks_by_FA_Locations'!$G$4:$G$195,"ERROR",0,1) -> 0.6565 | H90: =_xlfn.XLOOKUP($B90,'(2) ETSS_Picks_by_FA_Locations'!$B$4:$B$195,'(2) ETSS_Picks_by_FA_Locations'!$I$4:$I$195,"ERROR",0,1) -> 0.0914 | I90: =0.3*(F90) -> 1.2487122 | J90: =SUM(F90:I90) -> 6.1589861 | K90: 0.2 | L90: =K90*J90 -> 1.2317972 | M90: =SUM(J90,L90) -> 7.3907833 | N90: 9414290 | O90: =IF(E90=N90, "-", "ERROR") -> -
A91: San Mateo | B91: Half Moon Bay | C91: =_xlfn.XLOOKUP(D91,'(1) Paste CA TEX Values'!$C$2:$C$96,'(1) Paste CA TEX Values'!$D$2:$D$96,"ERROR",0,1) -> Half Moon Bay | D91: HMB | E91: 9414290 | F91: =_xlfn.XLOOKUP($D91,'(1) Paste CA TEX Values'!$C$1:$C$96, '(1) Paste CA TEX Values'!$I$1:$I$96, "ERROR",0,1) -> 4.1623739 | G91: =_xlfn.XLOOKUP($B91,'(2) ETSS_Picks_by_FA_Locations'!$B$4:$B$195,'(2) ETSS_Picks_by_FA_Locations'!$G$4:$G$195,"ERROR",0,1) -> 0.6565 | H91: =_xlfn.XLOOKUP($B91,'(2) ETSS_Picks_by_FA_Locations'!$B$4:$B$195,'(2) ETSS_Picks_by_FA_Locations'!$I$4:$I$195,"ERROR",0,1) -> 0.0914 | I91: =0.3*(F91) -> 1.2487122 | J91: =SUM(F91:I91) -> 6.1589861 | K91: 0.2 | L91: =K91*J91 -> 1.2317972 | M91: =SUM(J91,L91) -> 7.3907833 | N91: 9414290 | O91: =IF(E91=N91, "-", "ERROR") -> -
A92: San Mateo | B92: Martins Beach | C92: =_xlfn.XLOOKUP(D92,'(1) Paste CA TEX Values'!$C$2:$C$96,'(1) Paste CA TEX Values'!$D$2:$D$96,"ERROR",0,1) -> Half Moon Bay | D92: HMB | E92: 9414290 | F92: =_xlfn.XLOOKUP($D92,'(1) Paste CA TEX Values'!$C$1:$C$96, '(1) Paste CA TEX Values'!$I$1:$I$96, "ERROR",0,1) -> 4.1623739 | G92: =_xlfn.XLOOKUP($B92,'(2) ETSS_Picks_by_FA_Locations'!$B$4:$B$195,'(2) ETSS_Picks_by_FA_Locations'!$G$4:$G$195,"ERROR",0,1) -> 0.6565 | H92: =_xlfn.XLOOKUP($B92,'(2) ETSS_Picks_by_FA_Locations'!$B$4:$B$195,'(2) ETSS_Picks_by_FA_Locations'!$I$4:$I$195,"ERROR",0,1) -> 0.0914 | I92: =0.3*(F92) -> 1.2487122 | J92: =SUM(F92:I92) -> 6.1589861 | K92: 0.1 | L92: =K92*J92 -> 0.61589861 | M92: =SUM(J92,L92) -> 6.7748847 | N92: 9414290 | O92: =IF(E92=N92, "-", "ERROR") -> -
A93: San Mateo | B93: San Gregorio | C93: =_xlfn.XLOOKUP(D93,'(1) Paste CA TEX Values'!$C$2:$C$96,'(1) Paste CA TEX Values'!$D$2:$D$96,"ERROR",0,1) -> Half Moon Bay | D93: HMB | E93: 9414290 | F93: =_xlfn.XLOOKUP($D93,'(1) Paste CA TEX Values'!$C$1:$C$96, '(1) Paste CA TEX Values'!$I$1:$I$96, "ERROR",0,1) -> 4.1623739 | G93: =_xlfn.XLOOKUP($B93,'(2) ETSS_Picks_by_FA_Locations'!$B$4:$B$195,'(2) ETSS_Picks_by_FA_Locations'!$G$4:$G$195,"ERROR",0,1) -> 0.6565 | H93: =_xlfn.XLOOKUP($B93,'(2) ETSS_Picks_by_FA_Locations'!$B$4:$B$195,'(2) ETSS_Picks_by_FA_Locations'!$I$4:$I$195,"ERROR",0,1) -> 0.0914 | I93: =0.3*(F93) -> 1.2487122 | J93: =SUM(F93:I93) -> 6.1589861 | K93: 0.2 | L93: =K93*J93 -> 1.2317972 | M93: =SUM(J93,L93) -> 7.3907833 | N93: 9414290 | O93: =IF(E93=N93, "-", "ERROR") -> -
A94: San Mateo | B94: Pescadero | C94: =_xlfn.XLOOKUP(D94,'(1) Paste CA TEX Values'!$C$2:$C$96,'(1) Paste CA TEX Values'!$D$2:$D$96,"ERROR",0,1) -> Half Moon Bay | D94: HMB | E94: 9414290 | F94: =_xlfn.XLOOKUP($D94,'(1) Paste CA TEX Values'!$C$1:$C$96, '(1) Paste CA TEX Values'!$I$1:$I$96, "ERROR",0,1) -> 4.1623739 | G94: =_xlfn.XLOOKUP($B94,'(2) ETSS_Picks_by_FA_Locations'!$B$4:$B$195,'(2) ETSS_Picks_by_FA_Locations'!$G$4:$G$195,"ERROR",0,1) -> 0.6565 | H94: =_xlfn.XLOOKUP($B94,'(2) ETSS_Picks_by_FA_Locations'!$B$4:$B$195,'(2) ETSS_Picks_by_FA_Locations'!$I$4:$I$195,"ERROR",0,1) -> 0.0914 | I94: =0.3*(F94) -> 1.2487122 | J94: =SUM(F94:I94) -> 6.1589861 | K94: 0.1 | L94: =K94*J94 -> 0.61589861 | M94: =SUM(J94,L94) -> 6.7748847 | N94: 9414290 | O94: =IF(E94=N94, "-", "ERROR") -> -
A95: San Mateo | B95: Ano Nuevo | C95: =_xlfn.XLOOKUP(D95,'(1) Paste CA TEX Values'!$C$2:$C$96,'(1) Paste CA TEX Values'!$D$2:$D$96,"ERROR",0,1) -> Half Moon Bay | D95: HMB | E95: 9414290 | F95: =_xlfn.XLOOKUP($D95,'(1) Paste CA TEX Values'!$C$1:$C$96, '(1) Paste CA TEX Values'!$I$1:$I$96, "ERROR",0,1) -> 4.1623739 | G95: =_xlfn.XLOOKUP($B95,'(2) ETSS_Picks_by_FA_Locations'!$B$4:$B$195,'(2) ETSS_Picks_by_FA_Locations'!$G$4:$G$195,"ERROR",0,1) -> 0.6565 | H95: =_xlfn.XLOOKUP($B95,'(2) ETSS_Picks_by_FA_Locations'!$B$4:$B$195,'(2) ETSS_Picks_by_FA_Locations'!$I$4:$I$195,"ERROR",0,1) -> 0.0914 | I95: =0.3*(F95) -> 1.2487122 | J95: =SUM(F95:I95) -> 6.1589861 | K95: 0.2 | L95: =K95*J95 -> 1.2317972 | M95: =SUM(J95,L95) -> 7.3907833 | N95: 9414290 | O95: =IF(E95=N95, "-", "ERROR") -> -
A96: San Mateo | B96: Brisbane | C96: =_xlfn.XLOOKUP(D96,'(1) Paste CA TEX Values'!$C$2:$C$96,'(1) Paste CA TEX Values'!$D$2:$D$96,"ERROR",0,1) -> Alameda | D96: ALA | E96: 9414750 | F96: =_xlfn.XLOOKUP($D96,'(1) Paste CA TEX Values'!$C$1:$C$96, '(1) Paste CA TEX Values'!$I$1:$I$96, "ERROR",0,1) -> 1.4056515 | G96: =_xlfn.XLOOKUP($B96,'(2) ETSS_Picks_by_FA_Locations'!$B$4:$B$195,'(2) ETSS_Picks_by_FA_Locations'!$G$4:$G$195,"ERROR",0,1) -> 0.7793 | H96: =_xlfn.XLOOKUP($B96,'(2) ETSS_Picks_by_FA_Locations'!$B$4:$B$195,'(2) ETSS_Picks_by_FA_Locations'!$I$4:$I$195,"ERROR",0,1) -> 0.061 | I96: =0.3*(F96) -> 0.42169545 | J96: =SUM(F96:I96) -> 2.667647 | K96: 0.1 | L96: =K96*J96 -> 0.2667647 | M96: =SUM(J96,L96) -> 2.9344117 | N96: 9414750 | O96: =IF(E96=N96, "-", "ERROR") -> -
A97: San Mateo | B97: South San Francisco | C97: =_xlfn.XLOOKUP(D97,'(1) Paste CA TEX Values'!$C$2:$C$96,'(1) Paste CA TEX Values'!$D$2:$D$96,"ERROR",0,1) -> Alameda | D97: ALA | E97: 9414750 | F97: =_xlfn.XLOOKUP($D97,'(1) Paste CA TEX Values'!$C$1:$C$96, '(1) Paste CA TEX Values'!$I$1:$I$96, "ERROR",0,1) -> 1.4056515 | G97: =_xlfn.XLOOKUP($B97,'(2) ETSS_Picks_by_FA_Locations'!$B$4:$B$195,'(2) ETSS_Picks_by_FA_Locations'!$G$4:$G$195,"ERROR",0,1) -> 0.7793 | H97: =_xlfn.XLOOKUP($B97,'(2) ETSS_Picks_by_FA_Locations'!$B$4:$B$195,'(2) ETSS_Picks_by_FA_Locations'!$I$4:$I$195,"ERROR",0,1) -> 0.061 | I97: =0.3*(F97) -> 0.42169545 | J97: =SUM(F97:I97) -> 2.667647 | K97: 0.1 | L97: =K97*J97 -> 0.2667647 | M97: =SUM(J97,L97) -> 2.9344117 | N97: 9414750 | O97: =IF(E97=N97, "-", "ERROR") -> - | P97: Alameda
A98: San Mateo | B98: San Francisco Airport | C98: =_xlfn.XLOOKUP(D98,'(1) Paste CA TEX Values'!$C$2:$C$96,'(1) Paste CA TEX Values'!$D$2:$D$96,"ERROR",0,1) -> Alameda | D98: ALA | E98: 9414750 | F98: =_xlfn.XLOOKUP($D98,'(1) Paste CA TEX Values'!$C$1:$C$96, '(1) Paste CA TEX Values'!$I$1:$I$96, "ERROR",0,1) -> 1.4056515 | G98: =_xlfn.XLOOKUP($B98,'(2) ETSS_Picks_by_FA_Locations'!$B$4:$B$195,'(2) ETSS_Picks_by_FA_Locations'!$G$4:$G$195,"ERROR",0,1) -> 0.7793 | H98: =_xlfn.XLOOKUP($B98,'(2) ETSS_Picks_by_FA_Locations'!$B$4:$B$195,'(2) ETSS_Picks_by_FA_Locations'!$I$4:$I$195,"ERROR",0,1) -> 0.061 | I98: =0.3*(F98) -> 0.42169545 | J98: =SUM(F98:I98) -> 2.667647 | K98: 0.1 | L98: =K98*J98 -> 0.2667647 | M98: =SUM(J98,L98) -> 2.9344117 | N98: 9414750 | O98: =IF(E98=N98, "-", "ERROR") -> - | P98: https://tidesandcurrents.noaa.gov/waterlevels.html?id=9414750&units=metric&timezone=LST/LDT&datum=MSL&interval=6&action=
A99: San Mateo | B99: Millbrae | C99: =_xlfn.XLOOKUP(D99,'(1) Paste CA TEX Values'!$C$2:$C$96,'(1) Paste CA TEX Values'!$D$2:$D$96,"ERROR",0,1) -> Redwood City | D99: RCI | E99: 9414523 | F99: =_xlfn.XLOOKUP($D99,'(1) Paste CA TEX Values'!$C$1:$C$96, '(1) Paste CA TEX Values'!$I$1:$I$96, "ERROR",0,1) -> 0.68775307 | G99: =_xlfn.XLOOKUP($B99,'(2) ETSS_Picks_by_FA_Locations'!$B$4:$B$195,'(2) ETSS_Picks_by_FA_Locations'!$G$4:$G$195,"ERROR",0,1) -> 0.9684 | H99: =_xlfn.XLOOKUP($B99,'(2) ETSS_Picks_by_FA_Locations'!$B$4:$B$195,'(2) ETSS_Picks_by_FA_Locations'!$I$4:$I$195,"ERROR",0,1) -> 0.0914 | I99: =0.3*(F99) -> 0.20632592 | J99: =SUM(F99:I99) -> 1.953879 | K99: 0 | L99: =K99*J99 -> 0 | M99: =SUM(J99,L99) -> 1.953879 | N99: 9414523 | O99: =IF(E99=N99, "-", "ERROR") -> -
A100: San Mateo | B100: Burlingame | C100: =_xlfn.XLOOKUP(D100,'(1) Paste CA TEX Values'!$C$2:$C$96,'(1) Paste CA TEX Values'!$D$2:$D$96,"ERROR",0,1) -> Redwood City | D100: RCI | E100: 9414523 | F100: =_xlfn.XLOOKUP($D100,'(1) Paste CA TEX Values'!$C$1:$C$96, '(1) Paste CA TEX Values'!$I$1:$I$96, "ERROR",0,1) -> 0.68775307 | G100: =_xlfn.XLOOKUP($B100,'(2) ETSS_Picks_by_FA_Locations'!$B$4:$B$195,'(2) ETSS_Picks_by_FA_Locations'!$G$4:$G$195,"ERROR",0,1) -> 0.9684 | H100: =_xlfn.XLOOKUP($B100,'(2) ETSS_Picks_by_FA_Locations'!$B$4:$B$195,'(2) ETSS_Picks_by_FA_Locations'!$I$4:$I$195,"ERROR",0,1) -> 0.0914 | I100: =0.3*(F100) -> 0.20632592 | J100: =SUM(F100:I100) -> 1.953879 | K100: 0 | L100: =K100*J100 -> 0 | M100: =SUM(J100,L100) -> 1.953879 | N100: 9414523 | O100: =IF(E100=N100, "-", "ERROR") -> -
...

Sheet (4) Maritime Thresholds
D1: For CGS/NWS/Cal OES Use Only
A2: Maritime Playbook ID | B2: Maritime Location | C2: QC Location Names | D2: County | E2: stationID (used QC closest NOAA station to Maritime site) | F2: *TEX_siteCode* (key ID for FA value) | G2: Text_siteName | H2: Maritime Communities Playbook Guidance Plans (Ports, Harbors, and Marinas) | I2: Recommended MINIMUM Maritime Tsunami Response Plan, based on Forecast Tsunami Amplitude | J2: TEX FA (m MSL) | K2: Plan A | L2: Plan B | M2: Plan C | N2: Plan D | O2: Plan E | P2: Plan F
A3: C01-DN-M01 | B3: Crescent City | C3: =IF(H3=B3, "-", "ERROR") -> ERROR | D3: Del Norte | E3: 9419750 | F3: CRE | G3: =_xlfn.XLOOKUP($F3,'(1) Paste CA TEX Values'!$C$1:$C$96,'(1) Paste CA TEX Values'!$D$1:$D$96,"ERROR",0,1) -> Crescent City | H3: Crescent City Harbor | I3: =IF($J3<K3,"Forecast Amplitude below NTWC Advisory Threshold, refer to Evacuation Playbook",IF(AND($J3>=K3,$J3<L3),"Maritime Response Plan A",IF(AND($J3>=L3,$J3<M3),"Maritime Response Plan B",IF(AND($J3>=M3,$J3<N3),"Maritime Response Plan C",IF(AND($J3>=N3,$J3<O3),"Maritime Response Plan D",IF(AND($J3>=O3,$J3<P3),"Maritime Response Plan E","Maritime Response Plan F")))))) -> Maritime Response Plan E | J3: =_xlfn.XLOOKUP($F3,'(1) Paste CA TEX Values'!$C$1:$C$96,'(1) Paste CA TEX Values'!$I$1:$I$96,"ERROR",0,1) -> 13.187217 | K3: 0.3 | L3: 0.65 | M3: 0.95 | N3: 1.85 | O3: 2.55 | P3: NA
A4: C02-HUM-M01 | B4: Humboldt | C4: =IF(H4=B4, "-", "ERROR") -> ERROR | D4: Humboldt | E4: 9418767 | F4: HBB | G4: =_xlfn.XLOOKUP($F4,'(1) Paste CA TEX Values'!$C$1:$C$96,'(1) Paste CA TEX Values'!$D$1:$D$96,"ERROR",0,1) -> Humboldt Bay | H4: Humboldt Bay | I4: =IF($J4<K4,"Forecast Amplitude below NTWC Advisory Threshold, refer to Evacuation Playbook",IF(AND($J4>=K4,$J4<L4),"Maritime Response Plan A",IF(AND($J4>=L4,$J4<M4),"Maritime Response Plan B",IF(AND($J4>=M4,$J4<N4),"Maritime Response Plan C",IF(AND($J4>=N4,$J4<O4),"Maritime Response Plan D",IF(AND($J4>=O4,$J4<P4),"Maritime Response Plan E","Maritime Response Plan F")))))) -> Maritime Response Plan E | J4: =_xlfn.XLOOKUP($F4,'(1) Paste CA TEX Values'!$C$1:$C$96,'(1) Paste CA TEX Values'!$I$1:$I$96,"ERROR",0,1) -> 3.3840877 | K4: 0.3 | L4: 0.45 | M4: 0.85 | N4: 1.05 | O4: 1.25 | P4: NA
A5: C03-MEN-M01 | B5: Noyo River-Fort Bragg | C5: =IF(H5=B5, "-", "ERROR") -> ERROR | D5: Mendocino | E5: 9416841 | F5: FBG | G5: =_xlfn.XLOOKUP($F5,'(1) Paste CA TEX Values'!$C$1:$C$96,'(1) Paste CA TEX Values'!$D$1:$D$96,"ERROR",0,1) -> Fort Bragg | H5: Noyo River Harbor | I5: =IF($J5<K5,"Forecast Amplitude below NTWC Advisory Threshold, refer to Evacuation Playbook",IF(AND($J5>=K5,$J5<L5),"Maritime Response Plan A",IF(AND($J5>=L5,$J5<M5),"Maritime Response Plan B",IF(AND($J5>=M5,$J5<N5),"Maritime Response Plan C",IF(AND($J5>=N5,$J5<O5),"Maritime Response Plan D",IF(AND($J5>=O5,$J5<P5),"Maritime Response Plan E","Maritime Response Plan F")))))) -> Maritime Response Plan E | J5: =_xlfn.XLOOKUP($F5,'(1) Paste CA TEX Values'!$C$1:$C$96,'(1) Paste CA TEX Values'!$I$1:$I$96,"ERROR",0,1) -> 3.2598899 | K5: 0.3 | L5: 0.65 | M5: 0.95 | N5: 1.55 | O5: 1.75 | P5: 4.5
A6: C04-SON-M01 | B6: Bodega | C6: =IF(H6=B6, "-", "ERROR") -> ERROR | D6: Sonoma | E6: 9415020 | F6: BBY | G6: =_xlfn.XLOOKUP($F6,'(1) Paste CA TEX Values'!$C$1:$C$96,'(1) Paste CA TEX Values'!$D$1:$D$96,"ERROR",0,1) -> Bodega Bay | H6: Bodega Bay | I6: =IF($J6<K6,"Forecast Amplitude below NTWC Advisory Threshold, refer to Evacuation Playbook",IF(AND($J6>=K6,$J6<L6),"Maritime Response Plan A",IF(AND($J6>=L6,$J6<M6),"Maritime Response Plan B",IF(AND($J6>=M6,$J6<N6),"Maritime Response Plan C",IF(AND($J6>=N6,$J6<O6),"Maritime Response Plan D",IF(AND($J6>=O6,$J6<P6),"Maritime Response Plan E","Maritime Response Plan F")))))) -> Maritime Response Plan E | J6: =_xlfn.XLOOKUP($F6,'(1) Paste CA TEX Values'!$C$1:$C$96,'(1) Paste CA TEX Values'!$I$1:$I$96,"ERROR",0,1) -> 3.5963077 | K6: 0.3 | L6: 0.45 | M6: 0.65 | N6: 0.75 | O6: 0.85 | P6: NA
A7: C05-MRN-M01 | B7: Richardson Bay | C7: =IF(H7=B7, "-", "ERROR") -> - | D7: Marin | E7: 9414290 | F7: SAU | G7: =_xlfn.XLOOKUP($F7,'(1) Paste CA TEX Values'!$C$1:$C$96,'(1) Paste CA TEX Values'!$D$1:$D$96,"ERROR",0,1) -> Sausalito | H7: Richardson Bay | I7: =IF($J7<K7,"Forecast Amplitude below NTWC Advisory Threshold, refer to Evacuation Playbook",IF(AND($J7>=K7,$J7<L7),"Maritime Response Plan A",IF(AND($J7>=L7,$J7<M7),"Maritime Response Plan B",IF(AND($J7>=M7,$J7<N7),"Maritime Response Plan C",IF(AND($J7>=N7,$J7<O7),"Maritime Response Plan D",IF(AND($J7>=O7,$J7<P7),"Maritime Response Plan E","Maritime Response Plan F")))))) -> Maritime Response Plan E | J7: =_xlfn.XLOOKUP($F7,'(1) Paste CA TEX Values'!$C$1:$C$96,'(1) Paste CA TEX Values'!$I$1:$I$96,"ERROR",0,1) -> 1.863594 | K7: 0.3 | L7: 0.55 | M7: 0.75 | N7: 0.85 | O7: 1.05 | P7: NA
A8: C08-CC-M01 | B8: Richmond | C8: =IF(H8=B8, "-", "ERROR") -> ERROR | D8: Contra Costa | E8: 9414863 | F8: RID | G8: =_xlfn.XLOOKUP($F8,'(1) Paste CA TEX Values'!$C$1:$C$96,'(1) Paste CA TEX Values'!$D$1:$D$96,"ERROR",0,1) -> Richmond | H8: Port of Richmond | I8: =IF($J8<K8,"Forecast Amplitude below NTWC Advisory Threshold, refer to Evacuation Playbook",IF(AND($J8>=K8,$J8<L8),"Maritime Response Plan A",IF(AND($J8>=L8,$J8<M8),"Maritime Response Plan B",IF(AND($J8>=M8,$J8<N8),"Maritime Response Plan C",IF(AND($J8>=N8,$J8<O8),"Maritime Response Plan D",IF(AND($J8>=O8,$J8<P8),"Maritime Response Plan E","Maritime Response Plan F")))))) -> Maritime Response Plan E | J8: =_xlfn.XLOOKUP($F8,'(1) Paste CA TEX Values'!$C$1:$C$96,'(1) Paste CA TEX Values'!$I$1:$I$96,"ERROR",0,1) -> 2.5188487 | K8: 0.3 | L8: 0.45 | M8: 0.55 | N8: 0.75 | O8: 0.85 | P8: NA
A9: C09-ALA-M01 | B9: Oakland-Alameda | C9: =IF(H9=B9, "-", "ERROR") -> ERROR | D9: Alameda | E9: 9414863 | F9: RID | G9: =_xlfn.XLOOKUP($F9,'(1) Paste CA TEX Values'!$C$1:$C$96,'(1) Paste CA TEX Values'!$D$1:$D$96,"ERROR",0,1) -> Richmond | H9: Berkeley-Emeryville | I9: =IF($J9<K9,"Forecast Amplitude below NTWC Advisory Threshold, refer to Evacuation Playbook",IF(AND($J9>=K9,$J9<L9),"Maritime Response Plan A",IF(AND($J9>=L9,$J9<M9),"Maritime Response Plan B",IF(AND($J9>=M9,$J9<N9),"Maritime Response Plan C",IF(AND($J9>=N9,$J9<O9),"Maritime Response Plan D",IF(AND($J9>=O9,$J9<P9),"Maritime Response Plan E","Maritime Response Plan F")))))) -> Maritime Response Plan E | J9: =_xlfn.XLOOKUP($F9,'(1) Paste CA TEX Values'!$C$1:$C$96,'(1) Paste CA TEX Values'!$I$1:$I$96,"ERROR",0,1) -> 2.5188487 | K9: 0.3 | L9: 0.45 | M9: 0.55 | N9: 0.65 | O9: 0.75 | P9: NA
A10: C09-ALA-M02 | B10: Berkeley-Emeryville | C10: =IF(H10=B10, "-", "ERROR") -> ERROR | D10: Alameda | E10: 9414750 | F10: OOH | G10: =_xlfn.XLOOKUP($F10,'(1) Paste CA TEX Values'!$C$1:$C$96,'(1) Paste CA TEX Values'!$D$1:$D$96,"ERROR",0,1) -> Oakland Outer Harbor | H10: Oakland-Alameda | I10: =IF($J10<K10,"Forecast Amplitude below NTWC Advisory Threshold, refer to Evacuation Playbook",IF(AND($J10>=K10,$J10<L10),"Maritime Response Plan A",IF(AND($J10>=L10,$J10<M10),"Maritime Response Plan B",IF(AND($J10>=M10,$J10<N10),"Maritime Response Plan C",IF(AND($J10>=N10,$J10<O10),"Maritime Response Plan D",IF(AND($J10>=O10,$J10<P10),"Maritime Response Plan E","Maritime Response Plan F")))))) -> Maritime Response Plan E | J10: =_xlfn.XLOOKUP($F10,'(1) Paste CA TEX Values'!$C$1:$C$96,'(1) Paste CA TEX Values'!$I$1:$I$96,"ERROR",0,1) -> 3.0073641 | K10: 0.3 | L10: 0.45 | M10: 0.55 | N10: 0.85 | O10: 1.05 | P10: NA
A11: C11-SM-M01 | B11: Half Moon Bay | C11: =IF(H11=B11, "-", "ERROR") -> ERROR | D11: San Francisco | E11: 9414290 | F11: SFC | G11: =_xlfn.XLOOKUP($F11,'(1) Paste CA TEX Values'!$C$1:$C$96,'(1) Paste CA TEX Values'!$D$1:$D$96,"ERROR",0,1) -> San Francisco | H11: San Francisco North | I11: =IF($J11<K11,"Forecast Amplitude below NTWC Advisory Threshold, refer to Evacuation Playbook",IF(AND($J11>=K11,$J11<L11),"Maritime Response Plan A",IF(AND($J11>=L11,$J11<M11),"Maritime Response Plan B",IF(AND($J11>=M11,$J11<N11),"Maritime Response Plan C",IF(AND($J11>=N11,$J11<O11),"Maritime Response Plan D",IF(AND($J11>=O11,$J11<P11),"Maritime Response Plan E","Maritime Response Plan F")))))) -> Maritime Response Plan E | J11: =_xlfn.XLOOKUP($F11,'(1) Paste CA TEX Values'!$C$1:$C$96,'(1) Paste CA TEX Values'!$I$1:$I$96,"ERROR",0,1) -> 2.1465626 | K11: 0.3 | L11: 0.55 | M11: 0.75 | N11: 1.05 | O11: 1.25 | P11: NA
A12: C12-SF-M01 | B12: SF North | C12: =IF(H12=B12, "-", "ERROR") -> ERROR | D12: San Francisco | E12: 9414750 | F12: ALA | G12: =_xlfn.XLOOKUP($F12,'(1) Paste CA TEX Values'!$C$1:$C$96,'(1) Paste CA TEX Values'!$D$1:$D$96,"ERROR",0,1) -> Alameda | H12: San Francisco East | I12: =IF($J12<K12,"Forecast Amplitude below NTWC Advisory Threshold, refer to Evacuation Playbook",IF(AND($J12>=K12,$J12<L12),"Maritime Response Plan A",IF(AND($J12>=L12,$J12<M12),"Maritime Response Plan B",IF(AND($J12>=M12,$J12<N12),"Maritime Response Plan C",IF(AND($J12>=N12,$J12<O12),"Maritime Response Plan D",IF(AND($J12>=O12,$J12<P12),"Maritime Response Plan E","Maritime Response Plan F")))))) -> Maritime Response Plan E | J12: =_xlfn.XLOOKUP($F12,'(1) Paste CA TEX Values'!$C$1:$C$96,'(1) Paste CA TEX Values'!$I$1:$I$96,"ERROR",0,1) -> 1.4056515 | K12: 0.3 | L12: 0.45 | M12: 0.65 | N12: 0.85 | O12: 1.15 | P12: NA
A13: C12-SF-M02 | B13: SF East | C13: =IF(H13=B13, "-", "ERROR") -> ERROR | D13: San Mateo | E13: 9414131 | F13: HMB | G13: =_xlfn.XLOOKUP($F13,'(1) Paste CA TEX Values'!$C$1:$C$96,'(1) Paste CA TEX Values'!$D$1:$D$96,"ERROR",0,1) -> Half Moon Bay | H13: Half Moon Bay | I13: =IF($J13<K13,"Forecast Amplitude below NTWC Advisory Threshold, refer to Evacuation Playbook",IF(AND($J13>=K13,$J13<L13),"Maritime Response Plan A",IF(AND($J13>=L13,$J13<M13),"Maritime Response Plan B",IF(AND($J13>=M13,$J13<N13),"Maritime Response Plan C",IF(AND($J13>=N13,$J13<O13),"Maritime Response Plan D",IF(AND($J13>=O13,$J13<P13),"Maritime Response Plan E","Maritime Response Plan F")))))) -> Maritime Response Plan E | J13: =_xlfn.XLOOKUP($F13,'(1) Paste CA TEX Values'!$C$1:$C$96,'(1) Paste CA TEX Values'!$I$1:$I$96,"ERROR",0,1) -> 4.1623739 | K13: 0.3 | L13: 0.65 | M13: 1.05 | N13: 1.25 | O13: 1.55 | P13: NA
A14: C13-SCR-M01 | B14: Santa Cruz | C14: =IF(H14=B14, "-", "ERROR") -> ERROR | D14: Santa Cruz | E14: 9413450 | F14: SCZ | G14: =_xlfn.XLOOKUP($F14,'(1) Paste CA TEX Values'!$C$1:$C$96,'(1) Paste CA TEX Values'!$D$1:$D$96,"ERROR",0,1) -> Santa Cruz | H14: Santa Cruz Harbor | I14: =IF($J14<K14,"Forecast Amplitude below NTWC Advisory Threshold, refer to Evacuation Playbook",IF(AND($J14>=K14,$J14<L14),"Maritime Response Plan A",IF(AND($J14>=L14,$J14<M14),"Maritime Response Plan B",IF(AND($J14>=M14,$J14<N14),"Maritime Response Plan C",IF(AND($J14>=N14,$J14<O14),"Maritime Response Plan D",IF(AND($J14>=O14,$J14<P14),"Maritime Response Plan E","Maritime Response Plan F")))))) -> Maritime Response Plan E | J14: =_xlfn.XLOOKUP($F14,'(1) Paste CA TEX Values'!$C$1:$C$96,'(1) Paste CA TEX Values'!$I$1:$I$96,"ERROR",0,1) -> 3.6779066 | K14: 0.3 | L14: 0.55 | M14: 0.85 | N14: 1.35 | O14: 1.55 | P14: NA
A15: C14-MONT-M01 | B15: Monterey Harbor | C15: =IF(H15=B15, "-", "ERROR") -> ERROR | D15: Monterey | E15: 9413450 | F15: MSL | G15: =_xlfn.XLOOKUP($F15,'(1) Paste CA TEX Values'!$C$1:$C$96,'(1) Paste CA TEX Values'!$D$1:$D$96,"ERROR",0,1) -> Moss Landing | H15: Moss Landing Harbor | I15: =IF($J15<K15,"Forecast Amplitude below NTWC Advisory Threshold, refer to Evacuation Playbook",IF(AND($J15>=K15,$J15<L15),"Maritime Response Plan A",IF(AND($J15>=L15,$J15<M15),"Maritime Response Plan B",IF(AND($J15>=M15,$J15<N15),"Maritime Response Plan C",IF(AND($J15>=N15,$J15<O15),"Maritime Response Plan D",IF(AND($J15>=O15,$J15<P15),"Maritime Response Plan E","Maritime Response Plan F")))))) -> Maritime Response Plan E | J15: =_xlfn.XLOOKUP($F15,'(1) Paste CA TEX Values'!$C$1:$C$96,'(1) Paste CA TEX Values'!$I$1:$I$96,"ERROR",0,1) -> 2.0268696 | K15: 0.3 | L15: 0.65 | M15: 1.05 | N15: 1.25 | O15: 1.45 | P15: NA
A16: C14-MONT-M02 | B16: Moss Landing | C16: =IF(H16=B16, "-", "ERROR") -> ERROR | D16: Monterey | E16: 9413450 | F16: MNT | G16: =_xlfn.XLOOKUP($F16,'(1) Paste CA TEX Values'!$C$1:$C$96,'(1) Paste CA TEX Values'!$D$1:$D$96,"ERROR",0,1) -> Monterey | H16: Monterey Harbor | I16: =IF($J16<K16,"Forecast Amplitude below NTWC Advisory Threshold, refer to Evacuation Playbook",IF(AND($J16>=K16,$J16<L16),"Maritime Response Plan A",IF(AND($J16>=L16,$J16<M16),"Maritime Response Plan B",IF(AND($J16>=M16,$J16<N16),"Maritime Response Plan C",IF(AND($J16>=N16,$J16<O16),"Maritime Response Plan D",IF(AND($J16>=O16,$J16<P16),"Maritime Response Plan E","Maritime Response Plan F")))))) -> Maritime Response Plan E | J16: =_xlfn.XLOOKUP($F16,'(1) Paste CA TEX Values'!$C$1:$C$96,'(1) Paste CA TEX Values'!$I$1:$I$96,"ERROR",0,1) -> 2.4384179 | K16: 0.3 | L16: 0.65 | M16: 1.05 | N16: 1.35 | O16: 1.65 | P16: NA
A17: C15-SLO-M01 | B17: Morro Bay | C17: =IF(H17=B17, "-", "ERROR") -> - | D17: San Luis Obispo | E17: 9412110 | F17: MOR | G17: =_xlfn.XLOOKUP($F17,'(1) Paste CA TEX Values'!$C$1:$C$96,'(1) Paste CA TEX Values'!$D$1:$D$96,"ERROR",0,1) -> Morro Bay | H17: Morro Bay | I17: =IF($J17<K17,"Forecast Amplitude below NTWC Advisory Threshold, refer to Evacuation Playbook",IF(AND($J17>=K17,$J17<L17),"Maritime Response Plan A",IF(AND($J17>=L17,$J17<M17),"Maritime Response Plan B",IF(AND($J17>=M17,$J17<N17),"Maritime Response Plan C",IF(AND($J17>=N17,$J17<O17),"Maritime Response Plan D",IF(AND($J17>=O17,$J17<P17),"Maritime Response Plan E","Maritime Response Plan F")))))) -> Maritime Response Plan E | J17: =_xlfn.XLOOKUP($F17,'(1) Paste CA TEX Values'!$C$1:$C$96,'(1) Paste CA TEX Values'!$I$1:$I$96,"ERROR",0,1) -> 4.2132085 | K17: 0.3 | L17: 0.65 | M17: 1.05 | N17: 1.35 | O17: 1.55 | P17: NA
... A35: C20-SD-M04 | B35: Oceanside | C35: =IF(H35=B35, "-", "ERROR") -> ERROR | D35: San Diego | E35: 9410170 | F35: SDE | G35: =_xlfn.XLOOKUP($F35,'(1) Paste CA TEX Values'!$C$1:$C$96,'(1) Paste CA TEX Values'!$D$1:$D$96,"ERROR",0,1) -> San Diego Harbor Ent. | H35: Northern San Diego Bay | I35: =IF($J35<K35,"Forecast Amplitude below NTWC Advisory Threshold, refer to Evacuation Playbook",IF(AND($J35>=K35,$J35<L35),"Maritime Response Plan A",IF(AND($J35>=L35,$J35<M35),"Maritime Response Plan B",IF(AND($J35>=M35,$J35<N35),"Maritime Response Plan C",IF(AND($J35>=N35,$J35<O35),"Maritime Response Plan D",IF(AND($J35>=O35,$J35<P35),"Maritime Response Plan E","Maritime Response Plan F")))))) -> Maritime Response Plan E | J35: =_xlfn.XLOOKUP($F35,'(1) Paste CA TEX Values'!$C$1:$C$96,'(1) Paste CA TEX Values'!$I$1:$I$96,"ERROR",0,1) -> 2.4777512 | K35: 0.3 | L35: 0.45 | M35: 0.55 | N35: 0.75 | O35: 1.05 | P35: NA
K37: green color means they match harbor.json file values

Sheet (5) Playbook Recomm ALL
A2: TSUNAMI RESPONSE DECISION SUPPORT TOOLS (aka Playbook Recommendations)
A3: RECOMMENDED MINIMUM TSUNAMI EVACUATION PLAYBOOK PLAN - The following table provides recommendations for evacuation planning for each California community. The recommended Evacuation Phase number in Column Three (e.g. Phase 1, Phase 2, etc.) indicates the MINIMUM area to be evacuated by the community according to your emergency response evacuation plan. NOTE: Tsunami evacuation and response activities are the responsibility of the coastal community. This information is provided in support of the Tsunami Evacuation Playbook Program and should only be used if the communities have Playbooks developed and integrated into the tsunami evacuation and response plans. We do NOT recommend using this information unless you fully understand what it means and have the Playbook plans in place. If you do not have Playbooks in place, use your normal evacuation and response plans for Warning or Advisory level events. | F3: RECOMMENDED MINIMUM MARITIME TSUNAMI RESPONSE PLAYBOOK PLAN - The following table provides recommendations for maritime response planning for each California maritime community at risk to tsunamis. The recommended Maritime Response Plan letter in the middle column (e.g. Plan A, Plan B, etc.) indicates the MINIMUM Playbook Response plan which should be used by ports, harbors, and marinas covered by that particular response plan. NOTE: Tsunami evacuation and response activities are the responsibility of the coastal community. This information is provided in support of the Maritime Tsunami Response Playbook Program and should only be used if the harbors have Playbooks developed and integrated into the tsunami evacuation and response plans. We do NOT recommend using this information unless you fully understand what it means and have the Playbook plans in place. If you do not have Playbooks in place, use your normal evacuation and response plans for Warning or Advisory level events.
A4: County | B4: Coastal Location | C4: Recommended MINIMUM Tsunami Evacuation Playbook Plan, based on FASTER flood elevation | D4: FASTER flood elevation (in METERS above Mean Sea Level; considers tsunami forecast amplitude, storm and tidal conditions, error and runup) | E4: FASTER flood elevation (in FEET above Mean Sea Level; considers tsunami forecast amplitude, storm and tidal conditions, error and runup) | F4: Maritime Communities Playbook Guidance Plans (Ports, Harbors, and Marinas) | G4: Recommended MINIMUM Maritime Tsunami Response Plan, based on Forecast Tsunami Amplitude | H4: Forecast Tsunami Amplitude from the National Tsunami Warning Center (in METERS above Mean Sea Level; does NOT include existing ocean conditions) | I4: Forecast Tsunami Amplitude from the National Tsunami Warning Center (in FEET above Mean Sea Level; does NOT include existing ocean conditions)
A5: Del Norte | B5: CA/OR border | C5: =IF(D5<1, "Evacuation Phase 1", IF(D5<1.5, "Evacuation Phase 2",IF(D5<2.5, "Evacuation Phase 3",IF(D5<3.5, "Maximum Phase", "Maximum+ Phase")))) -> Evacuation Phase 3 | D5: =_xlfn.XLOOKUP($B5,'(3) Calc Values by siteCode'!$B$3:$B$194,'(3) Calc Values by siteCode'!$M$3:$M$194,"ERROR",0,1) -> 1.62228 | E5: =CONVERT($D5,"m","ft") -> 5.3224409
A6: Del Norte | B6: Smith River | C6: =IF(D6<1, "Evacuation Phase 1", IF(D6<1.5, "Evacuation Phase 2",IF(D6<2.5, "Evacuation Phase 3",IF(D6<3.5, "Maximum Phase", "Maximum+ Phase")))) -> Evacuation Phase 2 | D6: =_xlfn.XLOOKUP($B6,'(3) Calc Values by siteCode'!$B$3:$B$194,'(3) Calc Values by siteCode'!$M$3:$M$194,"ERROR",0,1) -> 1.48709 | E6: =CONVERT($D6,"m","ft") -> 4.8789042
A7: Del Norte | B7: Crescent City | C7: =IF(D7<1, "Evacuation Phase 1", IF(D7<1.5, "Evacuation Phase 2",IF(D7<2.5, "Evacuation Phase 3",IF(D7<3.5, "Maximum Phase", "Maximum+ Phase")))) -> Maximum+ Phase | D7: =_xlfn.XLOOKUP($B7,'(3) Calc Values by siteCode'!$B$3:$B$194,'(3) Calc Values by siteCode'!$M$3:$M$194,"ERROR",0,1) -> 21.648338 | E7: =CONVERT($D7,"m","ft") -> 71.024731 | F7: Crescent City Harbor | G7: =_xlfn.XLOOKUP($F7,'(4) Maritime Thresholds'!$H$2:$H$35,'(4) Maritime Thresholds'!$I$2:$I$35,"ERROR",0,1) -> Maritime Response Plan E | H7: =_xlfn.XLOOKUP($F7,'(4) Maritime Thresholds'!$H$2:$H$35,'(4) Maritime Thresholds'!$J$2:$J$35,"ERROR",0,1) -> 13.187217 | I7: =CONVERT(H7,"m","ft") -> 43.265147
A8: Del Norte | B8: Lagoon | C8: =IF(D8<1, "Evacuation Phase 1", IF(D8<1.5, "Evacuation Phase 2",IF(D8<2.5, "Evacuation Phase 3",IF(D8<3.5, "Maximum Phase", "Maximum+ Phase")))) -> Maximum+ Phase | D8: =_xlfn.XLOOKUP($B8,'(3) Calc Values by siteCode'!$B$3:$B$194,'(3) Calc Values by siteCode'!$M$3:$M$194,"ERROR",0,1) -> 12.510023 | E8: =CONVERT($D8,"m","ft") -> 41.043383
A9: Del Norte | B9: Klamath | C9: =IF(D9<1, "Evacuation Phase 1", IF(D9<1.5, "Evacuation Phase 2",IF(D9<2.5, "Evacuation Phase 3",IF(D9<3.5, "Maximum Phase", "Maximum+ Phase")))) -> Maximum+ Phase | D9: =_xlfn.XLOOKUP($B9,'(3) Calc Values by siteCode'!$B$3:$B$194,'(3) Calc Values by siteCode'!$M$3:$M$194,"ERROR",0,1) -> 12.510023 | E9: =CONVERT($D9,"m","ft") -> 41.043383
A10: Humboldt | B10: Orick-Redwood Cr. | C10: =IF(D10<1, "Evacuation Phase 1", IF(D10<1.5, "Evacuation Phase 2",IF(D10<2.5, "Evacuation Phase 3",IF(D10<3.5, "Maximum Phase", "Maximum+ Phase")))) -> Maximum+ Phase | D10: =_xlfn.XLOOKUP($B10,'(3) Calc Values by siteCode'!$B$3:$B$194,'(3) Calc Values by siteCode'!$M$3:$M$194,"ERROR",0,1) -> 12.35113 | E10: =CONVERT($D10,"m","ft") -> 40.522078
A11: Humboldt | B11: Big Lagoon | C11: =IF(D11<1, "Evacuation Phase 1", IF(D11<1.5, "Evacuation Phase 2",IF(D11<2.5, "Evacuation Phase 3",IF(D11<3.5, "Maximum Phase", "Maximum+ Phase")))) -> Maximum+ Phase | D11: =_xlfn.XLOOKUP($B11,'(3) Calc Values by siteCode'!$B$3:$B$194,'(3) Calc Values by siteCode'!$M$3:$M$194,"ERROR",0,1) -> 11.321869 | E11: =CONVERT($D11,"m","ft") -> 37.145239
A12: Humboldt | B12: Trinidad | C12: =IF(D12<1, "Evacuation Phase 1", IF(D12<1.5, "Evacuation Phase 2",IF(D12<2.5, "Evacuation Phase 3",IF(D12<3.5, "Maximum Phase", "Maximum+ Phase")))) -> Maximum+ Phase | D12: =_xlfn.XLOOKUP($B12,'(3) Calc Values by siteCode'!$B$3:$B$194,'(3) Calc Values by siteCode'!$M$3:$M$194,"ERROR",0,1) -> 12.35113 | E12: =CONVERT($D12,"m","ft") -> 40.522078
A13: Humboldt | B13: North Spit coast | C13: =IF(D13<1, "Evacuation Phase 1", IF(D13<1.5, "Evacuation Phase 2",IF(D13<2.5, "Evacuation Phase 3",IF(D13<3.5, "Maximum Phase", "Maximum+ Phase")))) -> Maximum+ Phase | D13: =_xlfn.XLOOKUP($B13,'(3) Calc Values by siteCode'!$B$3:$B$194,'(3) Calc Values by siteCode'!$M$3:$M$194,"ERROR",0,1) -> 10.676845 | E13: =CONVERT($D13,"m","ft") -> 35.029018
A14: Humboldt | B14: Arcata | C14: =IF(D14<1, "Evacuation Phase 1", IF(D14<1.5, "Evacuation Phase 2",IF(D14<2.5, "Evacuation Phase 3",IF(D14<3.5, "Maximum Phase", "Maximum+ Phase")))) -> Maximum+ Phase | D14: =_xlfn.XLOOKUP($B14,'(3) Calc Values by siteCode'!$B$3:$B$194,'(3) Calc Values by siteCode'!$M$3:$M$194,"ERROR",0,1) -> 4.9953784 | E14: =CONVERT($D14,"m","ft") -> 16.389037
A15: Humboldt | B15: Eureka | C15: =IF(D15<1, "Evacuation Phase 1", IF(D15<1.5, "Evacuation Phase 2",IF(D15<2.5, "Evacuation Phase 3",IF(D15<3.5, "Maximum Phase", "Maximum+ Phase")))) -> Maximum+ Phase | D15: =_xlfn.XLOOKUP($B15,'(3) Calc Values by siteCode'!$B$3:$B$194,'(3) Calc Values by siteCode'!$M$3:$M$194,"ERROR",0,1) -> 4.9953784 | E15: =CONVERT($D15,"m","ft") -> 16.389037
A16: Humboldt | B16: Humboldt Bay | C16: =IF(D16<1, "Evacuation Phase 1", IF(D16<1.5, "Evacuation Phase 2",IF(D16<2.5, "Evacuation Phase 3",IF(D16<3.5, "Maximum Phase", "Maximum+ Phase")))) -> Maximum+ Phase | D16: =_xlfn.XLOOKUP($B16,'(3) Calc Values by siteCode'!$B$3:$B$194,'(3) Calc Values by siteCode'!$M$3:$M$194,"ERROR",0,1) -> 5.7700655 | E16: =CONVERT($D16,"m","ft") -> 18.930661 | F16: Humboldt Bay | G16: =_xlfn.XLOOKUP($F16,'(4) Maritime Thresholds'!$H$2:$H$35,'(4) Maritime Thresholds'!$I$2:$I$35,"ERROR",0,1) -> Maritime Response Plan E | H16: =_xlfn.XLOOKUP($F16,'(4) Maritime Thresholds'!$H$2:$H$35,'(4) Maritime Thresholds'!$J$2:$J$35,"ERROR",0,1) -> 3.3840877 | I16: =H16*3.28 -> 11.099808
A17: Humboldt | B17: King Salmon | C17: =IF(D17<1, "Evacuation Phase 1", IF(D17<1.5, "Evacuation Phase 2",IF(D17<2.5, "Evacuation Phase 3",IF(D17<3.5, "Maximum Phase", "Maximum+ Phase")))) -> Maximum+ Phase | D17: =_xlfn.XLOOKUP($B17,'(3) Calc Values by siteCode'!$B$3:$B$194,'(3) Calc Values by siteCode'!$M$3:$M$194,"ERROR",0,1) -> 5.7700655 | E17: =CONVERT($D17,"m","ft") -> 18.930661
A18: Humboldt | B18: South Spit coast | C18: =IF(D18<1, "Evacuation Phase 1", IF(D18<1.5, "Evacuation Phase 2",IF(D18<2.5, "Evacuation Phase 3",IF(D18<3.5, "Maximum Phase", "Maximum+ Phase")))) -> Maximum+ Phase | D18: =_xlfn.XLOOKUP($B18,'(3) Calc Values by siteCode'!$B$3:$B$194,'(3) Calc Values by siteCode'!$M$3:$M$194,"ERROR",0,1) -> 5.1710449 | E18: =CONVERT($D18,"m","ft") -> 16.96537
A19: Humboldt | B19: Ferndale | C19: =IF(D19<1, "Evacuation Phase 1", IF(D19<1.5, "Evacuation Phase 2",IF(D19<2.5, "Evacuation Phase 3",IF(D19<3.5, "Maximum Phase", "Maximum+ Phase")))) -> Maximum+ Phase | D19: =_xlfn.XLOOKUP($B19,'(3) Calc Values by siteCode'!$B$3:$B$194,'(3) Calc Values by siteCode'!$M$3:$M$194,"ERROR",0,1) -> 5.1710449 | E19: =CONVERT($D19,"m","ft") -> 16.96537
A20: Humboldt | B20: Shelter Cove | C20: =IF(D20<1, "Evacuation Phase 1", IF(D20<1.5, "Evacuation Phase 2",IF(D20<2.5, "Evacuation Phase 3",IF(D20<3.5, "Maximum Phase", "Maximum+ Phase")))) -> Maximum+ Phase | D20: =_xlfn.XLOOKUP($B20,'(3) Calc Values by siteCode'!$B$3:$B$194,'(3) Calc Values by siteCode'!$M$3:$M$194,"ERROR",0,1) -> 7.802406 | E20: =CONVERT($D20,"m","ft") -> 25.598445
A21: Mendocino | B21: Cleone | C21: =IF(D21<1, "Evacuation Phase 1", IF(D21<1.5, "Evacuation Phase 2",IF(D21<2.5, "Evacuation Phase 3",IF(D21<3.5, "Maximum Phase", "Maximum+ Phase")))) -> Maximum+ Phase | D21: =_xlfn.XLOOKUP($B21,'(3) Calc Values by siteCode'!$B$3:$B$194,'(3) Calc Values by siteCode'!$M$3:$M$194,"ERROR",0,1) -> 6.9429313 | E21: =CONVERT($D21,"m","ft") -> 22.778646
A22: Mendocino | B22: Ten Mile River | C22: =IF(D22<1, "Evacuation Phase 1", IF(D22<1.5, "Evacuation Phase 2",IF(D22<2.5, "Evacuation Phase 3",IF(D22<3.5, "Maximum Phase", "Maximum+ Phase")))) -> Maximum+ Phase | D22: =_xlfn.XLOOKUP($B22,'(3) Calc Values by siteCode'!$B$3:$B$194,'(3) Calc Values by siteCode'!$M$3:$M$194,"ERROR",0,1) -> 6.9429313 | E22: =CONVERT($D22,"m","ft") -> 22.778646
A23: Mendocino | B23: Fort Bragg | C23: =IF(D23<1, "Evacuation Phase 1", IF(D23<1.5, "Evacuation Phase 2",IF(D23<2.5, "Evacuation Phase 3",IF(D23<3.5, "Maximum Phase", "Maximum+ Phase")))) -> Maximum+ Phase | D23: =_xlfn.XLOOKUP($B23,'(3) Calc Values by siteCode'!$B$3:$B$194,'(3) Calc Values by siteCode'!$M$3:$M$194,"ERROR",0,1) -> 6.0774683 | E23: =CONVERT($D23,"m","ft") -> 19.9392 | F23: Noyo River Harbor | G23: =_xlfn.XLOOKUP($F23,'(4) Maritime Thresholds'!$H$2:$H$35,'(4) Maritime Thresholds'!$I$2:$I$35,"ERROR",0,1) -> Maritime Response Plan E | H23: =_xlfn.XLOOKUP($F23,'(4) Maritime Thresholds'!$H$2:$H$35,'(4) Maritime Thresholds'!$J$2:$J$35,"ERROR",0,1) -> 3.2598899 | I23: =H23*3.28 -> 10.692439
A24: Mendocino | B24: Casper | C24: =IF(D24<1, "Evacuation Phase 1", IF(D24<1.5, "Evacuation Phase 2",IF(D24<2.5, "Evacuation Phase 3",IF(D24<3.5, "Maximum Phase", "Maximum+ Phase")))) -> Maximum+ Phase | D24: =_xlfn.XLOOKUP($B24,'(3) Calc Values by siteCode'!$B$3:$B$194,'(3) Calc Values by siteCode'!$M$3:$M$194,"ERROR",0,1) -> 6.245375 | E24: =CONVERT($D24,"m","ft") -> 20.490075
A25: Mendocino | B25: Mendocino | C25: =IF(D25<1, "Evacuation Phase 1", IF(D25<1.5, "Evacuation Phase 2",IF(D25<2.5, "Evacuation Phase 3",IF(D25<3.5, "Maximum Phase", "Maximum+ Phase")))) -> Maximum+ Phase | D25: =_xlfn.XLOOKUP($B25,'(3) Calc Values by siteCode'!$B$3:$B$194,'(3) Calc Values by siteCode'!$M$3:$M$194,"ERROR",0,1) -> 6.245375 | E25: =CONVERT($D25,"m","ft") -> 20.490075
A26: Mendocino | B26: Albion | C26: =IF(D26<1, "Evacuation Phase 1", IF(D26<1.5, "Evacuation Phase 2",IF(D26<2.5, "Evacuation Phase 3",IF(D26<3.5, "Maximum Phase", "Maximum+ Phase")))) -> Maximum+ Phase | D26: =_xlfn.XLOOKUP($B26,'(3) Calc Values by siteCode'!$B$3:$B$194,'(3) Calc Values by siteCode'!$M$3:$M$194,"ERROR",0,1) -> 6.245375 | E26: =CONVERT($D26,"m","ft") -> 20.490075
A27: Mendocino | B27: Elk | C27: =IF(D27<1, "Evacuation Phase 1", IF(D27<1.5, "Evacuation Phase 2",IF(D27<2.5, "Evacuation Phase 3",IF(D27<3.5, "Maximum Phase", "Maximum+ Phase")))) -> Maximum+ Phase | D27: =_xlfn.XLOOKUP($B27,'(3) Calc Values by siteCode'!$B$3:$B$194,'(3) Calc Values by siteCode'!$M$3:$M$194,"ERROR",0,1) -> 7.3545257 | E27: =CONVERT($D27,"m","ft") -> 24.129021
A28: Mendocino | B28: Point Arena | C28: =IF(D28<1, "Evacuation Phase 1", IF(D28<1.5, "Evacuation Phase 2",IF(D28<2.5, "Evacuation Phase 3",IF(D28<3.5, "Maximum Phase", "Maximum+ Phase")))) -> Maximum+ Phase | D28: =_xlfn.XLOOKUP($B28,'(3) Calc Values by siteCode'!$B$3:$B$194,'(3) Calc Values by siteCode'!$M$3:$M$194,"ERROR",0,1) -> 9.0433288 | E28: =CONVERT($D28,"m","ft") -> 29.669714
A29: Mendocino | B29: Anchor Bay | C29: =IF(D29<1, "Evacuation Phase 1", IF(D29<1.5, "Evacuation Phase 2",IF(D29<2.5, "Evacuation Phase 3",IF(D29<3.5, "Maximum Phase", "Maximum+ Phase")))) -> Maximum+ Phase | D29: =_xlfn.XLOOKUP($B29,'(3) Calc Values by siteCode'!$B$3:$B$194,'(3) Calc Values by siteCode'!$M$3:$M$194,"ERROR",0,1) -> 8.2897181 | E29: =CONVERT($D29,"m","ft") -> 27.197238
A30: Sonoma | B30: Sea Ranch | C30: =IF(D30<1, "Evacuation Phase 1", IF(D30<1.5, "Evacuation Phase 2",IF(D30<2.5, "Evacuation Phase 3",IF(D30<3.5, "Maximum Phase", "Maximum+ Phase")))) -> Maximum+ Phase | D30: =_xlfn.XLOOKUP($B30,'(3) Calc Values by siteCode'!$B$3:$B$194,'(3) Calc Values by siteCode'!$M$3:$M$194,"ERROR",0,1) -> 8.2208312 | E30: =CONVERT($D30,"m","ft") -> 26.971231
A31: Sonoma | B31: Timber Cove | C31: =IF(D31<1, "Evacuation Phase 1", IF(D31<1.5, "Evacuation Phase 2",IF(D31<2.5, "Evacuation Phase 3",IF(D31<3.5, "Maximum Phase", "Maximum+ Phase")))) -> Maximum+ Phase | D31: =_xlfn.XLOOKUP($B31,'(3) Calc Values by siteCode'!$B$3:$B$194,'(3) Calc Values by siteCode'!$M$3:$M$194,"ERROR",0,1) -> 8.2208312 | E31: =CONVERT($D31,"m","ft") -> 26.971231
A32: Sonoma | B32: Fort Ross | C32: =IF(D32<1, "Evacuation Phase 1", IF(D32<1.5, "Evacuation Phase 2",IF(D32<2.5, "Evacuation Phase 3",IF(D32<3.5, "Maximum Phase", "Maximum+ Phase")))) -> Maximum+ Phase | D32: =_xlfn.XLOOKUP($B32,'(3) Calc Values by siteCode'!$B$3:$B$194,'(3) Calc Values by siteCode'!$M$3:$M$194,"ERROR",0,1) -> 8.2208312 | E32: =CONVERT($D32,"m","ft") -> 26.971231
A33: Sonoma | B33: Jenner-Russian River | C33: =IF(D33<1, "Evacuation Phase 1", IF(D33<1.5, "Evacuation Phase 2",IF(D33<2.5, "Evacuation Phase 3",IF(D33<3.5, "Maximum Phase", "Maximum+ Phase")))) -> Maximum+ Phase | D33: =_xlfn.XLOOKUP($B33,'(3) Calc Values by siteCode'!$B$3:$B$194,'(3) Calc Values by siteCode'!$M$3:$M$194,"ERROR",0,1) -> 8.2208312 | E33: =CONVERT($D33,"m","ft") -> 26.971231
A34: Sonoma | B34: Salmon Creek | C34: =IF(D34<1, "Evacuation Phase 1", IF(D34<1.5, "Evacuation Phase 2",IF(D34<2.5, "Evacuation Phase 3",IF(D34<3.5, "Maximum Phase", "Maximum+ Phase")))) -> Maximum+ Phase | D34: =_xlfn.XLOOKUP($B34,'(3) Calc Values by siteCode'!$B$3:$B$194,'(3) Calc Values by siteCode'!$M$3:$M$194,"ERROR",0,1) -> 8.9681795 | E34: =CONVERT($D34,"m","ft") -> 29.423161
A35: Sonoma | B35: Bodega Bay | C35: =IF(D35<1, "Evacuation Phase 1", IF(D35<1.5, "Evacuation Phase 2",IF(D35<2.5, "Evacuation Phase 3",IF(D35<3.5, "Maximum Phase", "Maximum+ Phase")))) -> Maximum+ Phase | D35: =_xlfn.XLOOKUP($B35,'(3) Calc Values by siteCode'!$B$3:$B$194,'(3) Calc Values by siteCode'!$M$3:$M$194,"ERROR",0,1) -> 5.86707 | E35: =CONVERT($D35,"m","ft") -> 19.248917 | F35: Bodega Bay | G35: =_xlfn.XLOOKUP($F35,'(4) Maritime Thresholds'!$H$2:$H$35,'(4) Maritime Thresholds'!$I$2:$I$35,"ERROR",0,1) -> Maritime Response Plan E | H35: =_xlfn.XLOOKUP($F35,'(4) Maritime Thresholds'!$H$2:$H$35,'(4) Maritime Thresholds'!$J$2:$J$35,"ERROR",0,1) -> 3.5963077 | I35: =H35*3.28 -> 11.795889
A36: Sonoma | B36: Sears Point-Petaluma Valley | C36: =IF(D36<1, "Evacuation Phase 1", IF(D36<1.5, "Evacuation Phase 2",IF(D36<2.5, "Evacuation Phase 3",IF(D36<3.5, "Maximum Phase", "Maximum+ Phase")))) -> Maximum+ Phase | D36: =_xlfn.XLOOKUP($B36,'(3) Calc Values by siteCode'!$B$3:$B$194,'(3) Calc Values by siteCode'!$M$3:$M$194,"ERROR",0,1) -> 3.9286252 | E36: =CONVERT($D36,"m","ft") -> 12.88919
A37: Marin | B37: Dillons Beach | C37: =IF(D37<1, "Evacuation Phase 1", IF(D37<1.5, "Evacuation Phase 2",IF(D37<2.5, "Evacuation Phase 3",IF(D37<3.5, "Maximum Phase", "Maximum+ Phase")))) -> Maximum+ Phase | D37: =_xlfn.XLOOKUP($B37,'(3) Calc Values by siteCode'!$B$3:$B$194,'(3) Calc Values by siteCode'!$M$3:$M$194,"ERROR",0,1) -> 9.0129051 | E37: =CONVERT($D37,"m","ft") -> 29.569898
A38: Marin | B38: Point Reyes | C38: =IF(D38<1, "Evacuation Phase 1", IF(D38<1.5, "Evacuation Phase 2",IF(D38<2.5, "Evacuation Phase 3",IF(D38<3.5, "Maximum Phase", "Maximum+ Phase")))) -> Maximum+ Phase | D38: =_xlfn.XLOOKUP($B38,'(3) Calc Values by siteCode'!$B$3:$B$194,'(3) Calc Values by siteCode'!$M$3:$M$194,"ERROR",0,1) -> 9.0129051 | E38: =CONVERT($D38,"m","ft") -> 29.569898
A39: Marin | B39: Bolinas | C39: =IF(D39<1, "Evacuation Phase 1", IF(D39<1.5, "Evacuation Phase 2",IF(D39<2.5, "Evacuation Phase 3",IF(D39<3.5, "Maximum Phase", "Maximum+ Phase")))) -> Maximum+ Phase | D39: =_xlfn.XLOOKUP($B39,'(3) Calc Values by siteCode'!$B$3:$B$194,'(3) Calc Values by siteCode'!$M$3:$M$194,"ERROR",0,1) -> 6.6801049 | E39: =CONVERT($D39,"m","ft") -> 21.916355
A40: Marin | B40: Stinson Beach | C40: =IF(D40<1, "Evacuation Phase 1", IF(D40<1.5, "Evacuation Phase 2",IF(D40<2.5, "Evacuation Phase 3",IF(D40<3.5, "Maximum Phase", "Maximum+ Phase")))) -> Maximum+ Phase | D40: =_xlfn.XLOOKUP($B40,'(3) Calc Values by siteCode'!$B$3:$B$194,'(3) Calc Values by siteCode'!$M$3:$M$194,"ERROR",0,1) -> 5.8089737 | E40: =CONVERT($D40,"m","ft") -> 19.058313
A41: Marin | B41: Muir Beach | C41: =IF(D41<1, "Evacuation Phase 1", IF(D41<1.5, "Evacuation Phase 2",IF(D41<2.5, "Evacuation Phase 3",IF(D41<3.5, "Maximum Phase", "Maximum+ Phase")))) -> Maximum+ Phase | D41: =_xlfn.XLOOKUP($B41,'(3) Calc Values by siteCode'!$B$3:$B$194,'(3) Calc Values by siteCode'!$M$3:$M$194,"ERROR",0,1) -> 6.6801049 | E41: =CONVERT($D41,"m","ft") -> 21.916355
A42: Marin | B42: Rodeo Cove | C42: =IF(D42<1, "Evacuation Phase 1", IF(D42<1.5, "Evacuation Phase 2",IF(D42<2.5, "Evacuation Phase 3",IF(D42<3.5, "Maximum Phase", "Maximum+ Phase")))) -> Maximum+ Phase | D42: =_xlfn.XLOOKUP($B42,'(3) Calc Values by siteCode'!$B$3:$B$194,'(3) Calc Values by siteCode'!$M$3:$M$194,"ERROR",0,1) -> 6.6801049 | E42: =CONVERT($D42,"m","ft") -> 21.916355
A43: Marin | B43: Horseshoe Bay | C43: =IF(D43<1, "Evacuation Phase 1", IF(D43<1.5, "Evacuation Phase 2",IF(D43<2.5, "Evacuation Phase 3",IF(D43<3.5, "Maximum Phase", "Maximum+ Phase")))) -> Maximum+ Phase | D43: =_xlfn.XLOOKUP($B43,'(3) Calc Values by siteCode'!$B$3:$B$194,'(3) Calc Values by siteCode'!$M$3:$M$194,"ERROR",0,1) -> 6.7784449 | E43: =CONVERT($D43,"m","ft") -> 22.238993
A44: Marin | B44: Sausalito | C44: =IF(D44<1, "Evacuation Phase 1", IF(D44<1.5, "Evacuation Phase 2",IF(D44<2.5, "Evacuation Phase 3",IF(D44<3.5, "Maximum Phase", "Maximum+ Phase")))) -> Maximum Phase | D44: =_xlfn.XLOOKUP($B44,'(3) Calc Values by siteCode'!$B$3:$B$194,'(3) Calc Values by siteCode'!$M$3:$M$194,"ERROR",0,1) -> 3.4876295 | E44: =CONVERT($D44,"m","ft") -> 11.442354 | F44: Richardson Bay | G44: =_xlfn.XLOOKUP($F44,'(4) Maritime Thresholds'!$H$2:$H$35,'(4) Maritime Thresholds'!$I$2:$I$35,"ERROR",0,1) -> Maritime Response Plan E | H44: =_xlfn.XLOOKUP($F44,'(4) Maritime Thresholds'!$H$2:$H$35,'(4) Maritime Thresholds'!$J$2:$J$35,"ERROR",0,1) -> 1.863594 | I44: =H44*3.28 -> 6.1125884
A45: Marin | B45: Belvedere | C45: =IF(D45<1, "Evacuation Phase 1", IF(D45<1.5, "Evacuation Phase 2",IF(D45<2.5, "Evacuation Phase 3",IF(D45<3.5, "Maximum Phase", "Maximum+ Phase")))) -> Maximum Phase | D45: =_xlfn.XLOOKUP($B45,'(3) Calc Values by siteCode'!$B$3:$B$194,'(3) Calc Values by siteCode'!$M$3:$M$194,"ERROR",0,1) -> 3.4876295 | E45: =CONVERT($D45,"m","ft") -> 11.442354
A46: Marin | B46: Tiburon | C46: =IF(D46<1, "Evacuation Phase 1", IF(D46<1.5, "Evacuation Phase 2",IF(D46<2.5, "Evacuation Phase 3",IF(D46<3.5, "Maximum Phase", "Maximum+ Phase")))) -> Maximum Phase | D46: =_xlfn.XLOOKUP($B46,'(3) Calc Values by siteCode'!$B$3:$B$194,'(3) Calc Values by siteCode'!$M$3:$M$194,"ERROR",0,1) -> 3.4876295 | E46: =CONVERT($D46,"m","ft") -> 11.442354
A47: Marin | B47: Corte Madera | C47: =IF(D47<1, "Evacuation Phase 1", IF(D47<1.5, "Evacuation Phase 2",IF(D47<2.5, "Evacuation Phase 3",IF(D47<3.5, "Maximum Phase", "Maximum+ Phase")))) -> Maximum+ Phase | D47: =_xlfn.XLOOKUP($B47,'(3) Calc Values by siteCode'!$B$3:$B$194,'(3) Calc Values by siteCode'!$M$3:$M$194,"ERROR",0,1) -> 3.5257995 | E47: =CONVERT($D47,"m","ft") -> 11.567584
A48: Marin | B48: San Rafael | C48: =IF(D48<1, "Evacuation Phase 1", IF(D48<1.5, "Evacuation Phase 2",IF(D48<2.5, "Evacuation Phase 3",IF(D48<3.5, "Maximum Phase", "Maximum+ Phase")))) -> Maximum+ Phase | D48: =_xlfn.XLOOKUP($B48,'(3) Calc Values by siteCode'!$B$3:$B$194,'(3) Calc Values by siteCode'!$M$3:$M$194,"ERROR",0,1) -> 3.5257995 | E48: =CONVERT($D48,"m","ft") -> 11.567584
A49: Marin | B49: Novato | C49: =IF(D49<1, "Evacuation Phase 1", IF(D49<1.5, "Evacuation Phase 2",IF(D49<2.5, "Evacuation Phase 3",IF(D49<3.5, "Maximum Phase", "Maximum+ Phase")))) -> Maximum+ Phase | D49: =_xlfn.XLOOKUP($B49,'(3) Calc Values by siteCode'!$B$3:$B$194,'(3) Calc Values by siteCode'!$M$3:$M$194,"ERROR",0,1) -> 3.5257995 | E49: =CONVERT($D49,"m","ft") -> 11.567584
A50: Napa | B50: American Canyon | C50: =IF(D50<1, "Evacuation Phase 1", IF(D50<1.5, "Evacuation Phase 2",IF(D50<2.5, "Evacuation Phase 3",IF(D50<3.5, "Maximum Phase", "Maximum+ Phase")))) -> Maximum+ Phase | D50: =_xlfn.XLOOKUP($B50,'(3) Calc Values by siteCode'!$B$3:$B$194,'(3) Calc Values by siteCode'!$M$3:$M$194,"ERROR",0,1) -> 3.8380252 | E50: =CONVERT($D50,"m","ft") -> 12.591946
A51: Solano | B51: Mare Island | C51: =IF(D51<1, "Evacuation Phase 1", IF(D51<1.5, "Evacuation Phase 2",IF(D51<2.5, "Evacuation Phase 3",IF(D51<3.5, "Maximum Phase", "Maximum+ Phase")))) -> Maximum+ Phase | D51: =_xlfn.XLOOKUP($B51,'(3) Calc Values by siteCode'!$B$3:$B$194,'(3) Calc Values by siteCode'!$M$3:$M$194,"ERROR",0,1) -> 3.8380252 | E51: =CONVERT($D51,"m","ft") -> 12.591946
A52: Solano | B52: Vallejo | C52: =IF(D52<1, "Evacuation Phase 1", IF(D52<1.5, "Evacuation Phase 2",IF(D52<2.5, "Evacuation Phase 3",IF(D52<3.5, "Maximum Phase", "Maximum+ Phase")))) -> Maximum+ Phase | D52: =_xlfn.XLOOKUP($B52,'(3) Calc Values by siteCode'!$B$3:$B$194,'(3) Calc Values by siteCode'!$M$3:$M$194,"ERROR",0,1) -> 3.8380252 | E52: =CONVERT($D52,"m","ft") -> 12.591946
A53: Solano | B53: Benicia | C53: =IF(D53<1, "Evacuation Phase 1", IF(D53<1.5, "Evacuation Phase 2",IF(D53<2.5, "Evacuation Phase 3",IF(D53<3.5, "Maximum Phase", "Maximum+ Phase")))) -> Maximum+ Phase | D53: =_xlfn.XLOOKUP($B53,'(3) Calc Values by siteCode'!$B$3:$B$194,'(3) Calc Values by siteCode'!$M$3:$M$194,"ERROR",0,1) -> 3.8380252 | E53: =CONVERT($D53,"m","ft") -> 12.591946
A54: Contra Costa | B54: Martinez | C54: =IF(D54<1, "Evacuation Phase 1", IF(D54<1.5, "Evacuation Phase 2",IF(D54<2.5, "Evacuation Phase 3",IF(D54<3.5, "Maximum Phase", "Maximum+ Phase")))) -> Maximum+ Phase | D54: =_xlfn.XLOOKUP($B54,'(3) Calc Values by siteCode'!$B$3:$B$194,'(3) Calc Values by siteCode'!$M$3:$M$194,"ERROR",0,1) -> 3.8380252 | E54: =CONVERT($D54,"m","ft") -> 12.591946
A55: Contra Costa | B55: Port Costa | C55: =IF(D55<1, "Evacuation Phase 1", IF(D55<1.5, "Evacuation Phase 2",IF(D55<2.5, "Evacuation Phase 3",IF(D55<3.5, "Maximum Phase", "Maximum+ Phase")))) -> Maximum+ Phase | D55: =_xlfn.XLOOKUP($B55,'(3) Calc Values by siteCode'!$B$3:$B$194,'(3) Calc Values by siteCode'!$M$3:$M$194,"ERROR",0,1) -> 3.8380252 | E55: =CONVERT($D55,"m","ft") -> 12.591946
A56: Contra Costa | B56: Tormey & Crocket | C56: =IF(D56<1, "Evacuation Phase 1", IF(D56<1.5, "Evacuation Phase 2",IF(D56<2.5, "Evacuation Phase 3",IF(D56<3.5, "Maximum Phase", "Maximum+ Phase")))) -> Maximum+ Phase | D56: =_xlfn.XLOOKUP($B56,'(3) Calc Values by siteCode'!$B$3:$B$194,'(3) Calc Values by siteCode'!$M$3:$M$194,"ERROR",0,1) -> 3.8380252 | E56: =CONVERT($D56,"m","ft") -> 12.591946
... A63: Contra Costa | B63: Point Richmond | C63: =IF(D63<1, "Evacuation Phase 1", IF(D63<1.5, "Evacuation Phase 2",IF(D63<2.5, "Evacuation Phase 3",IF(D63<3.5, "Maximum Phase", "Maximum+ Phase")))) -> Maximum+ Phase | D63: =_xlfn.XLOOKUP($B63,'(3) Calc Values by siteCode'!$B$3:$B$194,'(3) Calc Values by siteCode'!$M$3:$M$194,"ERROR",0,1) -> 4.0571034 | E63: =CONVERT($D63,"m","ft") -> 13.310707
A64: Contra Costa | B64: Richmond | C64: =IF(D64<1, "Evacuation Phase 1", IF(D64<1.5, "Evacuation Phase 2",IF(D64<2.5, "Evacuation Phase 3",IF(D64<3.5, "Maximum Phase", "Maximum+ Phase")))) -> Maximum+ Phase | D64: =_xlfn.XLOOKUP($B64,'(3) Calc Values by siteCode'!$B$3:$B$194,'(3) Calc Values by siteCode'!$M$3:$M$194,"ERROR",0,1) -> 4.0571034 | E64: =CONVERT($D64,"m","ft") -> 13.310707 | F64: Port of Richmond | G64: =_xlfn.XLOOKUP($F64,'(4) Maritime Thresholds'!$H$2:$H$35,'(4) Maritime Thresholds'!$I$2:$I$35,"ERROR",0,1) -> Maritime Response Plan E | H64: =_xlfn.XLOOKUP($F64,'(4) Maritime Thresholds'!$H$2:$H$35,'(4) Maritime Thresholds'!$J$2:$J$35,"ERROR",0,1) -> 2.5188487 | I64: =H64*3.28 -> 8.2618239
A65: Alameda | B65: Albany | C65: =IF(D65<1, "Evacuation Phase 1", IF(D65<1.5, "Evacuation Phase 2",IF(D65<2.5, "Evacuation Phase 3",IF(D65<3.5, "Maximum Phase", "Maximum+ Phase")))) -> Maximum+ Phase | D65: =_xlfn.XLOOKUP($B65,'(3) Calc Values by siteCode'!$B$3:$B$194,'(3) Calc Values by siteCode'!$M$3:$M$194,"ERROR",0,1) -> 4.4628137 | E65: =CONVERT($D65,"m","ft") -> 14.641777
A66: Alameda | B66: Berkeley | C66: =IF(D66<1, "Evacuation Phase 1", IF(D66<1.5, "Evacuation Phase 2",IF(D66<2.5, "Evacuation Phase 3",IF(D66<3.5, "Maximum Phase", "Maximum+ Phase")))) -> Maximum+ Phase | D66: =_xlfn.XLOOKUP($B66,'(3) Calc Values by siteCode'!$B$3:$B$194,'(3) Calc Values by siteCode'!$M$3:$M$194,"ERROR",0,1) -> 4.4628137 | E66: =CONVERT($D66,"m","ft") -> 14.641777 | F66: Berkeley-Emeryville | G66: =_xlfn.XLOOKUP($F66,'(4) Maritime Thresholds'!$H$2:$H$35,'(4) Maritime Thresholds'!$I$2:$I$35,"ERROR",0,1) -> Maritime Response Plan E | H66: =_xlfn.XLOOKUP($F66,'(4) Maritime Thresholds'!$H$2:$H$35,'(4) Maritime Thresholds'!$J$2:$J$35,"ERROR",0,1) -> 2.5188487 | I66: =H66*3.28 -> 8.2618239
A67: Alameda | B67: Emeryville | C67: =IF(D67<1, "Evacuation Phase 1", IF(D67<1.5, "Evacuation Phase 2",IF(D67<2.5, "Evacuation Phase 3",IF(D67<3.5, "Maximum Phase", "Maximum+ Phase")))) -> Maximum+ Phase | D67: =_xlfn.XLOOKUP($B67,'(3) Calc Values by siteCode'!$B$3:$B$194,'(3) Calc Values by siteCode'!$M$3:$M$194,"ERROR",0,1) -> 4.4628137 | E67: =CONVERT($D67,"m","ft") -> 14.641777
A68: Alameda | B68: Oakland Outer Harbor | C68: =IF(D68<1, "Evacuation Phase 1", IF(D68<1.5, "Evacuation Phase 2",IF(D68<2.5, "Evacuation Phase 3",IF(D68<3.5, "Maximum Phase", "Maximum+ Phase")))) -> Maximum+ Phase | D68: =_xlfn.XLOOKUP($B68,'(3) Calc Values by siteCode'!$B$3:$B$194,'(3) Calc Values by siteCode'!$M$3:$M$194,"ERROR",0,1) -> 5.2248607 | E68: =CONVERT($D68,"m","ft") -> 17.141931 | F68: Oakland-Alameda | G68: =_xlfn.XLOOKUP($F68,'(4) Maritime Thresholds'!$H$2:$H$35,'(4) Maritime Thresholds'!$I$2:$I$35,"ERROR",0,1) -> Maritime Response Plan E | H68: =_xlfn.XLOOKUP($F68,'(4) Maritime Thresholds'!$H$2:$H$35,'(4) Maritime Thresholds'!$J$2:$J$35,"ERROR",0,1) -> 3.0073641 | I68: =H68*3.28 -> 9.8641543
A69: Alameda | B69: Alameda | C69: =IF(D69<1, "Evacuation Phase 1", IF(D69<1.5, "Evacuation Phase 2",IF(D69<2.5, "Evacuation Phase 3",IF(D69<3.5, "Maximum Phase", "Maximum+ Phase")))) -> Maximum Phase | D69: =_xlfn.XLOOKUP($B69,'(3) Calc Values by siteCode'!$B$3:$B$194,'(3) Calc Values by siteCode'!$M$3:$M$194,"ERROR",0,1) -> 2.9344117 | E69: =CONVERT($D69,"m","ft") -> 9.6273349
A70: Alameda | B70: Bayfarm Island Airport | C70: =IF(D70<1, "Evacuation Phase 1", IF(D70<1.5, "Evacuation Phase 2",IF(D70<2.5, "Evacuation Phase 3",IF(D70<3.5, "Maximum Phase", "Maximum+ Phase")))) -> Maximum Phase | D70: =_xlfn.XLOOKUP($B70,'(3) Calc Values by siteCode'!$B$3:$B$194,'(3) Calc Values by siteCode'!$M$3:$M$194,"ERROR",0,1) -> 2.667647 | E70: =CONVERT($D70,"m","ft") -> 8.7521226
A71: Alameda | B71: San Leandro | C71: =IF(D71<1, "Evacuation Phase 1", IF(D71<1.5, "Evacuation Phase 2",IF(D71<2.5, "Evacuation Phase 3",IF(D71<3.5, "Maximum Phase", "Maximum+ Phase")))) -> Maximum Phase | D71: =_xlfn.XLOOKUP($B71,'(3) Calc Values by siteCode'!$B$3:$B$194,'(3) Calc Values by siteCode'!$M$3:$M$194,"ERROR",0,1) -> 2.6654516 | E71: =CONVERT($D71,"m","ft") -> 8.74492
A72: Alameda | B72: San Lorenzo | C72: =IF(D72<1, "Evacuation Phase 1", IF(D72<1.5, "Evacuation Phase 2",IF(D72<2.5, "Evacuation Phase 3",IF(D72<3.5, "Maximum Phase", "Maximum+ Phase")))) -> Maximum Phase | D72: =_xlfn.XLOOKUP($B72,'(3) Calc Values by siteCode'!$B$3:$B$194,'(3) Calc Values by siteCode'!$M$3:$M$194,"ERROR",0,1) -> 2.6654516 | E72: =CONVERT($D72,"m","ft") -> 8.74492
A73: Alameda | B73: Hayward | C73: =IF(D73<1, "Evacuation Phase 1", IF(D73<1.5, "Evacuation Phase 2",IF(D73<2.5, "Evacuation Phase 3",IF(D73<3.5, "Maximum Phase", "Maximum+ Phase")))) -> Maximum Phase | D73: =_xlfn.XLOOKUP($B73,'(3) Calc Values by siteCode'!$B$3:$B$194,'(3) Calc Values by siteCode'!$M$3:$M$194,"ERROR",0,1) -> 2.8849516 | E73: =CONVERT($D73,"m","ft") -> 9.4650643
A74: Alameda | B74: Fremont | C74: =IF(D74<1, "Evacuation Phase 1", IF(D74<1.5, "Evacuation Phase 2",IF(D74<2.5, "Evacuation Phase 3",IF(D74<3.5, "Maximum Phase", "Maximum+ Phase")))) -> Evacuation Phase 3 | D74: =_xlfn.XLOOKUP($B74,'(3) Calc Values by siteCode'!$B$3:$B$194,'(3) Calc Values by siteCode'!$M$3:$M$194,"ERROR",0,1) -> 2.464295 | E74: =CONVERT($D74,"m","ft") -> 8.0849575
A75: Santa Clara | B75: Alviso | C75: =IF(D75<1, "Evacuation Phase 1", IF(D75<1.5, "Evacuation Phase 2",IF(D75<2.5, "Evacuation Phase 3",IF(D75<3.5, "Maximum Phase", "Maximum+ Phase")))) -> Evacuation Phase 3 | D75: =_xlfn.XLOOKUP($B75,'(3) Calc Values by siteCode'!$B$3:$B$194,'(3) Calc Values by siteCode'!$M$3:$M$194,"ERROR",0,1) -> 2.464295 | E75: =CONVERT($D75,"m","ft") -> 8.0849575
A76: San Francisco | B76: Ocean Beach | C76: =IF(D76<1, "Evacuation Phase 1", IF(D76<1.5, "Evacuation Phase 2",IF(D76<2.5, "Evacuation Phase 3",IF(D76<3.5, "Maximum Phase", "Maximum+ Phase")))) -> Maximum+ Phase | D76: =_xlfn.XLOOKUP($B76,'(3) Calc Values by siteCode'!$B$3:$B$194,'(3) Calc Values by siteCode'!$M$3:$M$194,"ERROR",0,1) -> 4.5081193 | E76: =CONVERT($D76,"m","ft") -> 14.790418
A77: San Francisco | B77: Baker Beach | C77: =IF(D77<1, "Evacuation Phase 1", IF(D77<1.5, "Evacuation Phase 2",IF(D77<2.5, "Evacuation Phase 3",IF(D77<3.5, "Maximum Phase", "Maximum+ Phase")))) -> Maximum+ Phase | D77: =_xlfn.XLOOKUP($B77,'(3) Calc Values by siteCode'!$B$3:$B$194,'(3) Calc Values by siteCode'!$M$3:$M$194,"ERROR",0,1) -> 3.8922745 | E77: =CONVERT($D77,"m","ft") -> 12.76993
A78: San Francisco | B78: Fort Point | C78: =IF(D78<1, "Evacuation Phase 1", IF(D78<1.5, "Evacuation Phase 2",IF(D78<2.5, "Evacuation Phase 3",IF(D78<3.5, "Maximum Phase", "Maximum+ Phase")))) -> Maximum+ Phase | D78: =_xlfn.XLOOKUP($B78,'(3) Calc Values by siteCode'!$B$3:$B$194,'(3) Calc Values by siteCode'!$M$3:$M$194,"ERROR",0,1) -> 3.8922745 | E78: =CONVERT($D78,"m","ft") -> 12.76993
A79: San Francisco | B79: Crissy Field | C79: =IF(D79<1, "Evacuation Phase 1", IF(D79<1.5, "Evacuation Phase 2",IF(D79<2.5, "Evacuation Phase 3",IF(D79<3.5, "Maximum Phase", "Maximum+ Phase")))) -> Maximum+ Phase | D79: =_xlfn.XLOOKUP($B79,'(3) Calc Values by siteCode'!$B$3:$B$194,'(3) Calc Values by siteCode'!$M$3:$M$194,"ERROR",0,1) -> 3.8922745 | E79: =CONVERT($D79,"m","ft") -> 12.76993
A80: San Francisco | B80: Marina Green | C80: =IF(D80<1, "Evacuation Phase 1", IF(D80<1.5, "Evacuation Phase 2",IF(D80<2.5, "Evacuation Phase 3",IF(D80<3.5, "Maximum Phase", "Maximum+ Phase")))) -> Maximum+ Phase | D80: =_xlfn.XLOOKUP($B80,'(3) Calc Values by siteCode'!$B$3:$B$194,'(3) Calc Values by siteCode'!$M$3:$M$194,"ERROR",0,1) -> 3.8922745 | E80: =CONVERT($D80,"m","ft") -> 12.76993
A81: San Francisco | B81: Black Pt-Aquatic Pk | C81: =IF(D81<1, "Evacuation Phase 1", IF(D81<1.5, "Evacuation Phase 2",IF(D81<2.5, "Evacuation Phase 3",IF(D81<3.5, "Maximum Phase", "Maximum+ Phase")))) -> Maximum+ Phase | D81: =_xlfn.XLOOKUP($B81,'(3) Calc Values by siteCode'!$B$3:$B$194,'(3) Calc Values by siteCode'!$M$3:$M$194,"ERROR",0,1) -> 3.8922745 | E81: =CONVERT($D81,"m","ft") -> 12.76993 | F81: San Francisco North | G81: =_xlfn.XLOOKUP($F81,'(4) Maritime Thresholds'!$H$2:$H$35,'(4) Maritime Thresholds'!$I$2:$I$35,"ERROR",0,1) -> Maritime Response Plan E | H81: =_xlfn.XLOOKUP($F81,'(4) Maritime Thresholds'!$H$2:$H$35,'(4) Maritime Thresholds'!$J$2:$J$35,"ERROR",0,1) -> 2.1465626 | I81: =H81*3.28 -> 7.0407253
A82: San Francisco | B82: Fishermans Wharf | C82: =IF(D82<1, "Evacuation Phase 1", IF(D82<1.5, "Evacuation Phase 2",IF(D82<2.5, "Evacuation Phase 3",IF(D82<3.5, "Maximum Phase", "Maximum+ Phase")))) -> Maximum+ Phase | D82: =_xlfn.XLOOKUP($B82,'(3) Calc Values by siteCode'!$B$3:$B$194,'(3) Calc Values by siteCode'!$M$3:$M$194,"ERROR",0,1) -> 3.8922745 | E82: =CONVERT($D82,"m","ft") -> 12.76993
A83: San Francisco | B83: Ferry Building | C83: =IF(D83<1, "Evacuation Phase 1", IF(D83<1.5, "Evacuation Phase 2",IF(D83<2.5, "Evacuation Phase 3",IF(D83<3.5, "Maximum Phase", "Maximum+ Phase")))) -> Maximum Phase | D83: =_xlfn.XLOOKUP($B83,'(3) Calc Values by siteCode'!$B$3:$B$194,'(3) Calc Values by siteCode'!$M$3:$M$194,"ERROR",0,1) -> 2.9344117 | E83: =CONVERT($D83,"m","ft") -> 9.6273349
A84: San Francisco | B84: China Basin | C84: =IF(D84<1, "Evacuation Phase 1", IF(D84<1.5, "Evacuation Phase 2",IF(D84<2.5, "Evacuation Phase 3",IF(D84<3.5, "Maximum Phase", "Maximum+ Phase")))) -> Maximum Phase | D84: =_xlfn.XLOOKUP($B84,'(3) Calc Values by siteCode'!$B$3:$B$194,'(3) Calc Values by siteCode'!$M$3:$M$194,"ERROR",0,1) -> 2.9344117 | E84: =CONVERT($D84,"m","ft") -> 9.6273349
A85: San Francisco | B85: Hunters Point | C85: =IF(D85<1, "Evacuation Phase 1", IF(D85<1.5, "Evacuation Phase 2",IF(D85<2.5, "Evacuation Phase 3",IF(D85<3.5, "Maximum Phase", "Maximum+ Phase")))) -> Maximum Phase | D85: =_xlfn.XLOOKUP($B85,'(3) Calc Values by siteCode'!$B$3:$B$194,'(3) Calc Values by siteCode'!$M$3:$M$194,"ERROR",0,1) -> 2.9344117 | E85: =CONVERT($D85,"m","ft") -> 9.6273349
A86: San Francisco | B86: Candlestick Point | C86: =IF(D86<1, "Evacuation Phase 1", IF(D86<1.5, "Evacuation Phase 2",IF(D86<2.5, "Evacuation Phase 3",IF(D86<3.5, "Maximum Phase", "Maximum+ Phase")))) -> Maximum Phase | D86: =_xlfn.XLOOKUP($B86,'(3) Calc Values by siteCode'!$B$3:$B$194,'(3) Calc Values by siteCode'!$M$3:$M$194,"ERROR",0,1) -> 2.9344117 | E86: =CONVERT($D86,"m","ft") -> 9.6273349 | F86: San Francisco East | G86: =_xlfn.XLOOKUP($F86,'(4) Maritime Thresholds'!$H$2:$H$35,'(4) Maritime Thresholds'!$I$2:$I$35,"ERROR",0,1) -> Maritime Response Plan E | H86: =_xlfn.XLOOKUP($F86,'(4) Maritime Thresholds'!$H$2:$H$35,'(4) Maritime Thresholds'!$J$2:$J$35,"ERROR",0,1) -> 1.4056515 | I86: =H86*3.28 -> 4.610537
A87: San Francisco | B87: Alcatraz Island | C87: =IF(D87<1, "Evacuation Phase 1", IF(D87<1.5, "Evacuation Phase 2",IF(D87<2.5, "Evacuation Phase 3",IF(D87<3.5, "Maximum Phase", "Maximum+ Phase")))) -> Maximum+ Phase | D87: =_xlfn.XLOOKUP($B87,'(3) Calc Values by siteCode'!$B$3:$B$194,'(3) Calc Values by siteCode'!$M$3:$M$194,"ERROR",0,1) -> 4.2461177 | E87: =CONVERT($D87,"m","ft") -> 13.930832
A88: San Francisco | B88: Treasure Island | C88: =IF(D88<1, "Evacuation Phase 1", IF(D88<1.5, "Evacuation Phase 2",IF(D88<2.5, "Evacuation Phase 3",IF(D88<3.5, "Maximum Phase", "Maximum+ Phase")))) -> Maximum+ Phase | D88: =_xlfn.XLOOKUP($B88,'(3) Calc Values by siteCode'!$B$3:$B$194,'(3) Calc Values by siteCode'!$M$3:$M$194,"ERROR",0,1) -> 4.3513328 | E88: =CONVERT($D88,"m","ft") -> 14.276026
A89: San Francisco | B89: Yerba Buena Island | C89: =IF(D89<1, "Evacuation Phase 1", IF(D89<1.5, "Evacuation Phase 2",IF(D89<2.5, "Evacuation Phase 3",IF(D89<3.5, "Maximum Phase", "Maximum+ Phase")))) -> Maximum+ Phase | D89: =_xlfn.XLOOKUP($B89,'(3) Calc Values by siteCode'!$B$3:$B$194,'(3) Calc Values by siteCode'!$M$3:$M$194,"ERROR",0,1) -> 4.7469085 | E89: =CONVERT($D89,"m","ft") -> 15.573847
A90: San Mateo | B90: Daly City | C90: =IF(D90<1, "Evacuation Phase 1", IF(D90<1.5, "Evacuation Phase 2",IF(D90<2.5, "Evacuation Phase 3",IF(D90<3.5, "Maximum Phase", "Maximum+ Phase")))) -> Maximum+ Phase | D90: =_xlfn.XLOOKUP($B90,'(3) Calc Values by siteCode'!$B$3:$B$194,'(3) Calc Values by siteCode'!$M$3:$M$194,"ERROR",0,1) -> 8.677631 | E90: =CONVERT($D90,"m","ft") -> 28.469918
A91: San Mateo | B91: Pacifica | C91: =IF(D91<1, "Evacuation Phase 1", IF(D91<1.5, "Evacuation Phase 2",IF(D91<2.5, "Evacuation Phase 3",IF(D91<3.5, "Maximum Phase", "Maximum+ Phase")))) -> Maximum+ Phase | D91: =_xlfn.XLOOKUP($B91,'(3) Calc Values by siteCode'!$B$3:$B$194,'(3) Calc Values by siteCode'!$M$3:$M$194,"ERROR",0,1) -> 8.677631 | E91: =CONVERT($D91,"m","ft") -> 28.469918
A92: San Mateo | B92: Montara | C92: =IF(D92<1, "Evacuation Phase 1", IF(D92<1.5, "Evacuation Phase 2",IF(D92<2.5, "Evacuation Phase 3",IF(D92<3.5, "Maximum Phase", "Maximum+ Phase")))) -> Maximum+ Phase | D92: =_xlfn.XLOOKUP($B92,'(3) Calc Values by siteCode'!$B$3:$B$194,'(3) Calc Values by siteCode'!$M$3:$M$194,"ERROR",0,1) -> 7.3907833 | E92: =CONVERT($D92,"m","ft") -> 24.247977
A93: San Mateo | B93: Half Moon Bay | C93: =IF(D93<1, "Evacuation Phase 1", IF(D93<1.5, "Evacuation Phase 2",IF(D93<2.5, "Evacuation Phase 3",IF(D93<3.5, "Maximum Phase", "Maximum+ Phase")))) -> Maximum+ Phase | D93: =_xlfn.XLOOKUP($B93,'(3) Calc Values by siteCode'!$B$3:$B$194,'(3) Calc Values by siteCode'!$M$3:$M$194,"ERROR",0,1) -> 7.3907833 | E93: =CONVERT($D93,"m","ft") -> 24.247977 | F93: Half Moon Bay | G93: =_xlfn.XLOOKUP($F93,'(4) Maritime Thresholds'!$H$2:$H$35,'(4) Maritime Thresholds'!$I$2:$I$35,"ERROR",0,1) -> Maritime Response Plan E | H93: =_xlfn.XLOOKUP($F93,'(4) Maritime Thresholds'!$H$2:$H$35,'(4) Maritime Thresholds'!$J$2:$J$35,"ERROR",0,1) -> 4.1623739 | I93: =H93*3.28 -> 13.652586
A94: San Mateo | B94: Martins Beach | C94: =IF(D94<1, "Evacuation Phase 1", IF(D94<1.5, "Evacuation Phase 2",IF(D94<2.5, "Evacuation Phase 3",IF(D94<3.5, "Maximum Phase", "Maximum+ Phase")))) -> Maximum+ Phase | D94: =_xlfn.XLOOKUP($B94,'(3) Calc Values by siteCode'!$B$3:$B$194,'(3) Calc Values by siteCode'!$M$3:$M$194,"ERROR",0,1) -> 6.7748847 | E94: =CONVERT($D94,"m","ft") -> 22.227312
A95: San Mateo | B95: San Gregorio | C95: =IF(D95<1, "Evacuation Phase 1", IF(D95<1.5, "Evacuation Phase 2",IF(D95<2.5, "Evacuation Phase 3",IF(D95<3.5, "Maximum Phase", "Maximum+ Phase")))) -> Maximum+ Phase | D95: =_xlfn.XLOOKUP($B95,'(3) Calc Values by siteCode'!$B$3:$B$194,'(3) Calc Values by siteCode'!$M$3:$M$194,"ERROR",0,1) -> 7.3907833 | E95: =CONVERT($D95,"m","ft") -> 24.247977
A96: San Mateo | B96: Pescadero | C96: =IF(D96<1, "Evacuation Phase 1", IF(D96<1.5, "Evacuation Phase 2",IF(D96<2.5, "Evacuation Phase 3",IF(D96<3.5, "Maximum Phase", "Maximum+ Phase")))) -> Maximum+ Phase | D96: =_xlfn.XLOOKUP($B96,'(3) Calc Values by siteCode'!$B$3:$B$194,'(3) Calc Values by siteCode'!$M$3:$M$194,"ERROR",0,1) -> 6.7748847 | E96: =CONVERT($D96,"m","ft") -> 22.227312
A97: San Mateo | B97: Ano Nuevo | C97: =IF(D97<1, "Evacuation Phase 1", IF(D97<1.5, "Evacuation Phase 2",IF(D97<2.5, "Evacuation Phase 3",IF(D97<3.5, "Maximum Phase", "Maximum+ Phase")))) -> Maximum+ Phase | D97: =_xlfn.XLOOKUP($B97,'(3) Calc Values by siteCode'!$B$3:$B$194,'(3) Calc Values by siteCode'!$M$3:$M$194,"ERROR",0,1) -> 7.3907833 | E97: =CONVERT($D97,"m","ft") -> 24.247977
A98: San Mateo | B98: Brisbane | C98: =IF(D98<1, "Evacuation Phase 1", IF(D98<1.5, "Evacuation Phase 2",IF(D98<2.5, "Evacuation Phase 3",IF(D98<3.5, "Maximum Phase", "Maximum+ Phase")))) -> Maximum Phase | D98: =_xlfn.XLOOKUP($B98,'(3) Calc Values by siteCode'!$B$3:$B$194,'(3) Calc Values by siteCode'!$M$3:$M$194,"ERROR",0,1) -> 2.9344117 | E98: =CONVERT($D98,"m","ft") -> 9.6273349
A99: San Mateo | B99: South San Francisco | C99: =IF(D99<1, "Evacuation Phase 1", IF(D99<1.5, "Evacuation Phase 2",IF(D99<2.5, "Evacuation Phase 3",IF(D99<3.5, "Maximum Phase", "Maximum+ Phase")))) -> Maximum Phase | D99: =_xlfn.XLOOKUP($B99,'(3) Calc Values by siteCode'!$B$3:$B$194,'(3) Calc Values by siteCode'!$M$3:$M$194,"ERROR",0,1) -> 2.9344117 | E99: =CONVERT($D99,"m","ft") -> 9.6273349
A100: San Mateo | B100: San Francisco Airport | C100: =IF(D100<1, "Evacuation Phase 1", IF(D100<1.5, "Evacuation Phase 2",IF(D100<2.5, "Evacuation Phase 3",IF(D100<3.5, "Maximum Phase", "Maximum+ Phase")))) -> Maximum Phase | D100: =_xlfn.XLOOKUP($B100,'(3) Calc Values by siteCode'!$B$3:$B$194,'(3) Calc Values by siteCode'!$M$3:$M$194,"ERROR",0,1) -> 2.9344117 | E100: =CONVERT($D100,"m","ft") -> 9.6273349
A101: San Mateo | B101: Millbrae | C101: =IF(D101<1, "Evacuation Phase 1", IF(D101<1.5, "Evacuation Phase 2",IF(D101<2.5, "Evacuation Phase 3",IF(D101<3.5, "Maximum Phase", "Maximum+ Phase")))) -> Evacuation Phase 3 | D101: =_xlfn.XLOOKUP($B101,'(3) Calc Values by siteCode'!$B$3:$B$194,'(3) Calc Values by siteCode'!$M$3:$M$194,"ERROR",0,1) -> 1.953879 | E101: =CONVERT($D101,"m","ft") -> 6.4103641
A102: San Mateo | B102: Burlingame | C102: =IF(D102<1, "Evacuation Phase 1", IF(D102<1.5, "Evacuation Phase 2",IF(D102<2.5, "Evacuation Phase 3",IF(D102<3.5, "Maximum Phase", "Maximum+ Phase")))) -> Evacuation Phase 3 | D102: =_xlfn.XLOOKUP($B102,'(3) Calc Values by siteCode'!$B$3:$B$194,'(3) Calc Values by siteCode'!$M$3:$M$194,"ERROR",0,1) -> 1.953879 | E102: =CONVERT($D102,"m","ft") -> 6.4103641
A103: San Mateo | B103: San Mateo | C103: =IF(D103<1, "Evacuation Phase 1", IF(D103<1.5, "Evacuation Phase 2",IF(D103<2.5, "Evacuation Phase 3",IF(D103<3.5, "Maximum Phase", "Maximum+ Phase")))) -> Evacuation Phase 3 | D103: =_xlfn.XLOOKUP($B103,'(3) Calc Values by siteCode'!$B$3:$B$194,'(3) Calc Values by siteCode'!$M$3:$M$194,"ERROR",0,1) -> 1.953879 | E103: =CONVERT($D103,"m","ft") -> 6.4103641
A104: San Mateo | B104: Foster City | C104: =IF(D104<1, "Evacuation Phase 1", IF(D104<1.5, "Evacuation Phase 2",IF(D104<2.5, "Evacuation Phase 3",IF(D104<3.5, "Maximum Phase", "Maximum+ Phase")))) -> Evacuation Phase 3 | D104: =_xlfn.XLOOKUP($B104,'(3) Calc Values by siteCode'!$B$3:$B$194,'(3) Calc Values by siteCode'!$M$3:$M$194,"ERROR",0,1) -> 1.953879 | E104: =CONVERT($D104,"m","ft") -> 6.4103641
A105: San Mateo | B105: Redwood City | C105: =IF(D105<1, "Evacuation Phase 1", IF(D105<1.5, "Evacuation Phase 2",IF(D105<2.5, "Evacuation Phase 3",IF(D105<3.5, "Maximum Phase", "Maximum+ Phase")))) -> Evacuation Phase 3 | D105: =_xlfn.XLOOKUP($B105,'(3) Calc Values by siteCode'!$B$3:$B$194,'(3) Calc Values by siteCode'!$M$3:$M$194,"ERROR",0,1) -> 1.953879 | E105: =CONVERT($D105,"m","ft") -> 6.4103641
... A108: Santa Cruz | B108: Natural Bridges | C108: =IF(D108<1, "Evacuation Phase 1", IF(D108<1.5, "Evacuation Phase 2",IF(D108<2.5, "Evacuation Phase 3",IF(D108<3.5, "Maximum Phase", "Maximum+ Phase")))) -> Maximum+ Phase | D108: =_xlfn.XLOOKUP($B108,'(3) Calc Values by siteCode'!$B$3:$B$194,'(3) Calc Values by siteCode'!$M$3:$M$194,"ERROR",0,1) -> 5.8399865 | E108: =CONVERT($D108,"m","ft") -> 19.160061
A109: Santa Cruz | B109: Santa Cruz | C109: =IF(D109<1, "Evacuation Phase 1", IF(D109<1.5, "Evacuation Phase 2",IF(D109<2.5, "Evacuation Phase 3",IF(D109<3.5, "Maximum Phase", "Maximum+ Phase")))) -> Maximum+ Phase | D109: =_xlfn.XLOOKUP($B109,'(3) Calc Values by siteCode'!$B$3:$B$194,'(3) Calc Values by siteCode'!$M$3:$M$194,"ERROR",0,1) -> 5.8399865 | E109: =CONVERT($D109,"m","ft") -> 19.160061 | F109: Santa Cruz Harbor | G109: =_xlfn.XLOOKUP($F109,'(4) Maritime Thresholds'!$H$2:$H$35,'(4) Maritime Thresholds'!$I$2:$I$35,"ERROR",0,1) -> Maritime Response Plan E | H109: =_xlfn.XLOOKUP($F109,'(4) Maritime Thresholds'!$H$2:$H$35,'(4) Maritime Thresholds'!$J$2:$J$35,"ERROR",0,1) -> 3.6779066 | I109: =H109*3.28 -> 12.063534
...

Sheet COVER
A2: TSUNAMI RESPONSE DECISION SUPPORT
A4: Tsunami Playbook Recommendations Packet
A5: Tsunami Source Location and magnitude (if earthquake): | B5: February Monthly Test 02
A6: Tsunami Event XML (TEX) File: | B6: EX_07_WEAK51TEX_20260202_EX.xml
A8: Prepared By: | B8: CGS
A9: Export Time (PT): | B9: =NOW() -> 46122.087

Sheet 01 Del Norte County
A1: {=_xlfn.TEXTAFTER(CELL("filename",A1),"]")} -> 01 Del Norte County | C1: Event Name: | D1: =COVER!$B$5 -> February Monthly Test 02 | F1: {=_xlfn.TEXTAFTER(CELL("filename",F1),"]")} -> 01 Del Norte County | L1: Event Name: | M1: =COVER!$B$5 -> February Monthly Test 02
C2: Exported at (PT): | D2: =NOW() -> 46122.087 | L2: Exported at (PT): | M2: =NOW() -> 46122.087
A3: TSUNAMI RESPONSE DECISION SUPPORT TOOLS | F3: TSUNAMI RESPONSE DECISION SUPPORT TOOLS | Q3: site id | R3: siteStateName | S3: siteCode | T3: siteName | U3: predictedArrivalTime_PST_or_PDT | V3: predictedArrivalTime_plus_5hr_PST_or_PDT | W3: Lat_dd | X3: Long_dd | Y3: predictedPosAmplitude_m | Z3: predictedPosAmpUnc_m | AA3: predictedDuration_hrs | AB3: predictedArrivalTime_UTC
A4: NOTE: Tsunami event information, including recommended Tsunami Playbook Phases from the State, will be discussed during teleconferences/webinars and distributed electronically leading up to the arrival of the tsunami and during tsunami activity. If you have any questions regarding the Tsunami Playbook process, contact the State Event Duty Officer(s) or your local National Weather Service representative. | F4: NOTE: Tsunami event information, including recommended Tsunami Playbook Phases from the State, will be discussed during teleconferences/webinars and distributed electronically leading up to the arrival of the tsunami and during tsunami activity. If you have any questions regarding the Tsunami Playbook process, contact the State Event Duty Officer(s) or your local National Weather Service representative. | Q4: 152 | R4: California | S4: CRE | T4: Crescent City | U4: 2026-01-11 22:50:00 PST | V4: 2026-01-12 03:50:00 PST | W4: 41.747 | X4: -124.183 | Y4: 1.16 | Z4: 0.35 | AA4: 30 | AB4: 2026-01-12 06:50:00 UTC
A6: Tsunami Evacuation Phase Recommendations | F6: Tsunami Evacuation Phase Recommendations
A7: Coastal Location | B7: Recommended MINIMUM Tsunami Evacuation Playbook Phase | C7: FASTER flood elevation (in METERS above Mean Sea Level) | D7: FASTER flood elevation (in FEET above Mean Sea Level) | F7: Coastal Location | G7: NTWC TEX siteCode | H7: NOAA Station ID | I7: NTWC Predicted Arrival Time | J7: NTWC Predicted Pos Amplitude (m MSL) | K7: NTWC Predicted Duration (hours) | L7: Max tide within 5-hrs of ETA (m MSL) | M7: Max tide time
A8: CA/OR border | B8: =IF(C8<1, "Evacuation Phase 1", IF(C8<1.5, "Evacuation Phase 2",IF(C8<2.5, "Evacuation Phase 3",IF(C8<3.5, "Maximum Phase", "Maximum+ Phase")))) -> Evacuation Phase 3 | C8: =_xlfn.XLOOKUP($A8,'(3) Calc Values by siteCode'!$B$3:$B$194,'(3) Calc Values by siteCode'!$M$3:$M$194,"ERROR",0,1) -> 1.62228 | D8: =CONVERT($C8,"m","ft") -> 5.3224409 | F8: CA/OR border | G8: =_xlfn.XLOOKUP($F8,'(2) ETSS_Picks_by_FA_Locations'!$B$4:$B$195, '(2) ETSS_Picks_by_FA_Locations'!$C$4:$C$195, "ERROR",0,1) -> BKG | H8: =_xlfn.XLOOKUP($F8,'(2) ETSS_Picks_by_FA_Locations'!$B$4:$B$195, '(2) ETSS_Picks_by_FA_Locations'!$D$4:$D$195, "ERROR",0,1) -> 9419750 | I8: =_xlfn.XLOOKUP($F8,'(2) ETSS_Picks_by_FA_Locations'!$B$4:$B$195, '(2) ETSS_Picks_by_FA_Locations'!$E$4:$E$195, "ERROR",0,1) -> 2026-02-01 22:50 PST | J8: =_xlfn.XLOOKUP($G8,'(1) Paste CA TEX Values'!$C$2:$C$96, '(1) Paste CA TEX Values'!$I$2:$I$96, "ERROR",0,1) -> ERROR | K8: =_xlfn.XLOOKUP($G8,'(1) Paste CA TEX Values'!$C$2:$C$96, '(1) Paste CA TEX Values'!$K$2:$K$96, "ERROR",0,1) -> ERROR | L8: =_xlfn.XLOOKUP($F8,'(2) ETSS_Picks_by_FA_Locations'!$B$4:$B$195, '(2) ETSS_Picks_by_FA_Locations'!$G$4:$G$195, "ERROR",0,1) -> 0.8664 | M8: =_xlfn.XLOOKUP($F8,'(2) ETSS_Picks_by_FA_Locations'!$B$4:$B$195, '(2) ETSS_Picks_by_FA_Locations'!$H$4:$H$195, "ERROR",0,1) -> 2026-02-02 00:06 PST
A9: Smith River | B9: =IF(C9<1, "Evacuation Phase 1", IF(C9<1.5, "Evacuation Phase 2",IF(C9<2.5, "Evacuation Phase 3",IF(C9<3.5, "Maximum Phase", "Maximum+ Phase")))) -> Evacuation Phase 2 | C9: =_xlfn.XLOOKUP($A9,'(3) Calc Values by siteCode'!$B$3:$B$194,'(3) Calc Values by siteCode'!$M$3:$M$194,"ERROR",0,1) -> 1.48709 | D9: =CONVERT($C9,"m","ft") -> 4.8789042 | F9: Smith River | G9: =_xlfn.XLOOKUP($F9,'(2) ETSS_Picks_by_FA_Locations'!$B$4:$B$195, '(2) ETSS_Picks_by_FA_Locations'!$C$4:$C$195, "ERROR",0,1) -> BKG | H9: =_xlfn.XLOOKUP($F9,'(2) ETSS_Picks_by_FA_Locations'!$B$4:$B$195, '(2) ETSS_Picks_by_FA_Locations'!$D$4:$D$195, "ERROR",0,1) -> 9419750 | I9: =_xlfn.XLOOKUP($F9,'(2) ETSS_Picks_by_FA_Locations'!$B$4:$B$195, '(2) ETSS_Picks_by_FA_Locations'!$E$4:$E$195, "ERROR",0,1) -> 2026-02-01 22:50 PST | J9: =_xlfn.XLOOKUP($G9,'(1) Paste CA TEX Values'!$C$2:$C$96, '(1) Paste CA TEX Values'!$I$2:$I$96, "ERROR",0,1) -> ERROR | K9: =_xlfn.XLOOKUP($G9,'(1) Paste CA TEX Values'!$C$2:$C$96, '(1) Paste CA TEX Values'!$K$2:$K$96, "ERROR",0,1) -> ERROR | L9: =_xlfn.XLOOKUP($F9,'(2) ETSS_Picks_by_FA_Locations'!$B$4:$B$195, '(2) ETSS_Picks_by_FA_Locations'!$G$4:$G$195, "ERROR",0,1) -> 0.8664 | M9: =_xlfn.XLOOKUP($F9,'(2) ETSS_Picks_by_FA_Locations'!$B$4:$B$195, '(2) ETSS_Picks_by_FA_Locations'!$H$4:$H$195, "ERROR",0,1) -> 2026-02-02 00:06 PST
A10: Crescent City | B10: =IF(C10<1, "Evacuation Phase 1", IF(C10<1.5, "Evacuation Phase 2",IF(C10<2.5, "Evacuation Phase 3",IF(C10<3.5, "Maximum Phase", "Maximum+ Phase")))) -> Maximum+ Phase | C10: =_xlfn.XLOOKUP($A10,'(3) Calc Values by siteCode'!$B$3:$B$194,'(3) Calc Values by siteCode'!$M$3:$M$194,"ERROR",0,1) -> 21.648338 | D10: =CONVERT($C10,"m","ft") -> 71.024731 | F10: Crescent City | G10: =_xlfn.XLOOKUP($F10,'(2) ETSS_Picks_by_FA_Locations'!$B$4:$B$195, '(2) ETSS_Picks_by_FA_Locations'!$C$4:$C$195, "ERROR",0,1) -> CRE | H10: =_xlfn.XLOOKUP($F10,'(2) ETSS_Picks_by_FA_Locations'!$B$4:$B$195, '(2) ETSS_Picks_by_FA_Locations'!$D$4:$D$195, "ERROR",0,1) -> 9419750 | I10: =_xlfn.XLOOKUP($F10,'(2) ETSS_Picks_by_FA_Locations'!$B$4:$B$195, '(2) ETSS_Picks_by_FA_Locations'!$E$4:$E$195, "ERROR",0,1) -> 2026-02-01 22:50 PST | J10: =_xlfn.XLOOKUP($G10,'(1) Paste CA TEX Values'!$C$2:$C$96, '(1) Paste CA TEX Values'!$I$2:$I$96, "ERROR",0,1) -> 13.187217 | K10: =_xlfn.XLOOKUP($G10,'(1) Paste CA TEX Values'!$C$2:$C$96, '(1) Paste CA TEX Values'!$K$2:$K$96, "ERROR",0,1) -> 30 | L10: =_xlfn.XLOOKUP($F10,'(2) ETSS_Picks_by_FA_Locations'!$B$4:$B$195, '(2) ETSS_Picks_by_FA_Locations'!$G$4:$G$195, "ERROR",0,1) -> 0.8664 | M10: =_xlfn.XLOOKUP($F10,'(2) ETSS_Picks_by_FA_Locations'!$B$4:$B$195, '(2) ETSS_Picks_by_FA_Locations'!$H$4:$H$195, "ERROR",0,1) -> 2026-02-02 00:06 PST
A11: Lagoon | B11: =IF(C11<1, "Evacuation Phase 1", IF(C11<1.5, "Evacuation Phase 2",IF(C11<2.5, "Evacuation Phase 3",IF(C11<3.5, "Maximum Phase", "Maximum+ Phase")))) -> Maximum+ Phase | C11: =_xlfn.XLOOKUP($A11,'(3) Calc Values by siteCode'!$B$3:$B$194,'(3) Calc Values by siteCode'!$M$3:$M$194,"ERROR",0,1) -> 12.510023 | D11: =CONVERT($C11,"m","ft") -> 41.043383 | F11: Lagoon | G11: =_xlfn.XLOOKUP($F11,'(2) ETSS_Picks_by_FA_Locations'!$B$4:$B$195, '(2) ETSS_Picks_by_FA_Locations'!$C$4:$C$195, "ERROR",0,1) -> KRM | H11: =_xlfn.XLOOKUP($F11,'(2) ETSS_Picks_by_FA_Locations'!$B$4:$B$195, '(2) ETSS_Picks_by_FA_Locations'!$D$4:$D$195, "ERROR",0,1) -> 9419750 | I11: =_xlfn.XLOOKUP($F11,'(2) ETSS_Picks_by_FA_Locations'!$B$4:$B$195, '(2) ETSS_Picks_by_FA_Locations'!$E$4:$E$195, "ERROR",0,1) -> 2026-02-01 23:00 PST | J11: =_xlfn.XLOOKUP($G11,'(1) Paste CA TEX Values'!$C$2:$C$96, '(1) Paste CA TEX Values'!$I$2:$I$96, "ERROR",0,1) -> 8.0583448 | K11: =_xlfn.XLOOKUP($G11,'(1) Paste CA TEX Values'!$C$2:$C$96, '(1) Paste CA TEX Values'!$K$2:$K$96, "ERROR",0,1) -> 20 | L11: =_xlfn.XLOOKUP($F11,'(2) ETSS_Picks_by_FA_Locations'!$B$4:$B$195, '(2) ETSS_Picks_by_FA_Locations'!$G$4:$G$195, "ERROR",0,1) -> 0.8664 | M11: =_xlfn.XLOOKUP($F11,'(2) ETSS_Picks_by_FA_Locations'!$B$4:$B$195, '(2) ETSS_Picks_by_FA_Locations'!$H$4:$H$195, "ERROR",0,1) -> 2026-02-02 00:06 PST
A12: Klamath | B12: =IF(C12<1, "Evacuation Phase 1", IF(C12<1.5, "Evacuation Phase 2",IF(C12<2.5, "Evacuation Phase 3",IF(C12<3.5, "Maximum Phase", "Maximum+ Phase")))) -> Maximum+ Phase | C12: =_xlfn.XLOOKUP($A12,'(3) Calc Values by siteCode'!$B$3:$B$194,'(3) Calc Values by siteCode'!$M$3:$M$194,"ERROR",0,1) -> 12.510023 | D12: =CONVERT($C12,"m","ft") -> 41.043383 | F12: Klamath | G12: =_xlfn.XLOOKUP($F12,'(2) ETSS_Picks_by_FA_Locations'!$B$4:$B$195, '(2) ETSS_Picks_by_FA_Locations'!$C$4:$C$195, "ERROR",0,1) -> KRM | H12: =_xlfn.XLOOKUP($F12,'(2) ETSS_Picks_by_FA_Locations'!$B$4:$B$195, '(2) ETSS_Picks_by_FA_Locations'!$D$4:$D$195, "ERROR",0,1) -> 9419750 | I12: =_xlfn.XLOOKUP($F12,'(2) ETSS_Picks_by_FA_Locations'!$B$4:$B$195, '(2) ETSS_Picks_by_FA_Locations'!$E$4:$E$195, "ERROR",0,1) -> 2026-02-01 23:00 PST | J12: =_xlfn.XLOOKUP($G12,'(1) Paste CA TEX Values'!$C$2:$C$96, '(1) Paste CA TEX Values'!$I$2:$I$96, "ERROR",0,1) -> 8.0583448 | K12: =_xlfn.XLOOKUP($G12,'(1) Paste CA TEX Values'!$C$2:$C$96, '(1) Paste CA TEX Values'!$K$2:$K$96, "ERROR",0,1) -> 20 | L12: =_xlfn.XLOOKUP($F12,'(2) ETSS_Picks_by_FA_Locations'!$B$4:$B$195, '(2) ETSS_Picks_by_FA_Locations'!$G$4:$G$195, "ERROR",0,1) -> 0.8664 | M12: =_xlfn.XLOOKUP($F12,'(2) ETSS_Picks_by_FA_Locations'!$B$4:$B$195, '(2) ETSS_Picks_by_FA_Locations'!$H$4:$H$195, "ERROR",0,1) -> 2026-02-02 00:06 PST
A15: Tsunami Maritime Plan Recommendations | F15: Tsunami Maritime Plan Recommendations
A16: Maritime Location | B16: Recommended MINIMUM Maritime Tsunami Playbook Plan | C16: NTWC Forecast Tsunami Amplitude (in METERS above Mean Sea Level; does NOT include existing ocean conditions) | D16: NTWC Forecast Tsunami Amplitude (in FEET above Mean Sea Level; does NOT include existing ocean conditions) | F16: Maritime Location | G16: NTWC TEX siteCode | H16: NOAA Station ID | I16: NTWC Predicted Arrival Time | J16: NTWC Predicted Pos Amplitude (m MSL) | K16: NTWC Predicted Duration (hours) | L16: Max tide within 5-hrs of ETA (m MSL) | M16: Max tide time
A17: Crescent City Harbor | B17: =_xlfn.XLOOKUP($A17,'(4) Maritime Thresholds'!$H$2:$H$35,'(4) Maritime Thresholds'!$I$2:$I$35,"ERROR",0,1) -> Maritime Response Plan E | C17: =_xlfn.XLOOKUP($A17,'(4) Maritime Thresholds'!$H$2:$H$35,'(4) Maritime Thresholds'!$J$2:$J$35,"ERROR",0,1) -> 13.187217 | D17: =CONVERT(C17,"m","ft") -> 43.265147 | F17: Crescent City Harbor | G17: =_xlfn.XLOOKUP($F17,'(4) Maritime Thresholds'!$H$2:$H$35,'(4) Maritime Thresholds'!$F$2:$F$35,"ERROR",0,1) -> CRE | H17: =_xlfn.XLOOKUP($F17,'(4) Maritime Thresholds'!$H$2:$H$35,'(4) Maritime Thresholds'!$E$2:$E$35,"ERROR",0,1) -> 9419750 | I17: =_xlfn.XLOOKUP($G17,'(1) Paste CA TEX Values'!$C$2:$C$96,'(1) Paste CA TEX Values'!$E$2:$E$96,"ERROR",0,1) -> 2026-02-01 22:50:00 PST | J17: =_xlfn.XLOOKUP($G17,'(1) Paste CA TEX Values'!$C$2:$C$96, '(1) Paste CA TEX Values'!$I$2:$I$96, "ERROR",0,1) -> 13.187217 | K17: =_xlfn.XLOOKUP($G17,'(1) Paste CA TEX Values'!$C$2:$C$96, '(1) Paste CA TEX Values'!$K$2:$K$96, "ERROR",0,1) -> 30 | L17: =_xlfn.XLOOKUP($G17,'(2) ETSS_Picks_by_FA_Locations'!$C$4:$C$195, '(2) ETSS_Picks_by_FA_Locations'!$G$4:$G$195, "ERROR",0,1) -> 0.8664 | M17: =_xlfn.XLOOKUP($G17,'(2) ETSS_Picks_by_FA_Locations'!$C$4:$C$195, '(2) ETSS_Picks_by_FA_Locations'!$H$4:$H$195, "ERROR",0,1) -> 2026-02-02 00:06 PST
A19: Refer to the California Tsunami Playbook Guidance document for detailed information on the FASTER method and other background tsunami information. | F19: Refer to the California Tsunami Playbook Guidance document for detailed information on the FASTER method and other background tsunami information.
A22: Box.com link to Tsunami Playbook templates, maps, and data: | C22: https://doc.box.com/v/CATsunamiEventResponse | F22: Box.com link to Tsunami Playbook templates, maps, and data: | I22: https://doc.box.com/v/CATsunamiEventResponse

Sheet 02 Humboldt County
A1: {=_xlfn.TEXTAFTER(CELL("filename",A1),"]")} -> 02 Humboldt County | C1: Event Name: | D1: =COVER!B5 -> February Monthly Test 02
C2: Exported at (PT): | D2: =NOW() -> 46122.087
A3: TSUNAMI RESPONSE DECISION SUPPORT TOOLS
A4: NOTE: Tsunami event information, including recommended Tsunami Playbook Phases from the State, will be discussed during teleconferences/webinars and distributed electronically leading up to the arrival of the tsunami and during tsunami activity. If you have any questions regarding the Tsunami Playbook process, contact the State Event Duty Officer(s) or your local National Weather Service representative.
A6: Tsunami Evacuation Phase Recommendations
A7: Coastal Location | B7: Recommended MINIMUM Tsunami Evacuation Playbook Phase | C7: FASTER flood elevation (in METERS above Mean Sea Level) | D7: FASTER flood elevation (in FEET above Mean Sea Level)
A8: Orick-Redwood Cr. | B8: =IF(C8<1, "Evacuation Phase 1", IF(C8<1.5, "Evacuation Phase 2",IF(C8<2.5, "Evacuation Phase 3",IF(C8<3.5, "Maximum Phase", "Maximum+ Phase")))) -> Maximum+ Phase | C8: =_xlfn.XLOOKUP($A8,'(3) Calc Values by siteCode'!$B$3:$B$194,'(3) Calc Values by siteCode'!$M$3:$M$194,"ERROR",0,1) -> 12.35113 | D8: =CONVERT($C8,"m","ft") -> 40.522078
A9: Big Lagoon | B9: =IF(C9<1, "Evacuation Phase 1", IF(C9<1.5, "Evacuation Phase 2",IF(C9<2.5, "Evacuation Phase 3",IF(C9<3.5, "Maximum Phase", "Maximum+ Phase")))) -> Maximum+ Phase | C9: =_xlfn.XLOOKUP($A9,'(3) Calc Values by siteCode'!$B$3:$B$194,'(3) Calc Values by siteCode'!$M$3:$M$194,"ERROR",0,1) -> 11.321869 | D9: =CONVERT($C9,"m","ft") -> 37.145239
A10: Trinidad | B10: =IF(C10<1, "Evacuation Phase 1", IF(C10<1.5, "Evacuation Phase 2",IF(C10<2.5, "Evacuation Phase 3",IF(C10<3.5, "Maximum Phase", "Maximum+ Phase")))) -> Maximum+ Phase | C10: =_xlfn.XLOOKUP($A10,'(3) Calc Values by siteCode'!$B$3:$B$194,'(3) Calc Values by siteCode'!$M$3:$M$194,"ERROR",0,1) -> 12.35113 | D10: =CONVERT($C10,"m","ft") -> 40.522078
A11: North Spit coast | B11: =IF(C11<1, "Evacuation Phase 1", IF(C11<1.5, "Evacuation Phase 2",IF(C11<2.5, "Evacuation Phase 3",IF(C11<3.5, "Maximum Phase", "Maximum+ Phase")))) -> Maximum+ Phase | C11: =_xlfn.XLOOKUP($A11,'(3) Calc Values by siteCode'!$B$3:$B$194,'(3) Calc Values by siteCode'!$M$3:$M$194,"ERROR",0,1) -> 10.676845 | D11: =CONVERT($C11,"m","ft") -> 35.029018
A12: Arcata | B12: =IF(C12<1, "Evacuation Phase 1", IF(C12<1.5, "Evacuation Phase 2",IF(C12<2.5, "Evacuation Phase 3",IF(C12<3.5, "Maximum Phase", "Maximum+ Phase")))) -> Maximum+ Phase | C12: =_xlfn.XLOOKUP($A12,'(3) Calc Values by siteCode'!$B$3:$B$194,'(3) Calc Values by siteCode'!$M$3:$M$194,"ERROR",0,1) -> 4.9953784 | D12: =CONVERT($C12,"m","ft") -> 16.389037
A13: Eureka | B13: =IF(C13<1, "Evacuation Phase 1", IF(C13<1.5, "Evacuation Phase 2",IF(C13<2.5, "Evacuation Phase 3",IF(C13<3.5, "Maximum Phase", "Maximum+ Phase")))) -> Maximum+ Phase | C13: =_xlfn.XLOOKUP($A13,'(3) Calc Values by siteCode'!$B$3:$B$194,'(3) Calc Values by siteCode'!$M$3:$M$194,"ERROR",0,1) -> 4.9953784 | D13: =CONVERT($C13,"m","ft") -> 16.389037
A14: Humboldt Bay | B14: =IF(C14<1, "Evacuation Phase 1", IF(C14<1.5, "Evacuation Phase 2",IF(C14<2.5, "Evacuation Phase 3",IF(C14<3.5, "Maximum Phase", "Maximum+ Phase")))) -> Maximum+ Phase | C14: =_xlfn.XLOOKUP($A14,'(3) Calc Values by siteCode'!$B$3:$B$194,'(3) Calc Values by siteCode'!$M$3:$M$194,"ERROR",0,1) -> 5.7700655 | D14: =CONVERT($C14,"m","ft") -> 18.930661
A15: King Salmon | B15: =IF(C15<1, "Evacuation Phase 1", IF(C15<1.5, "Evacuation Phase 2",IF(C15<2.5, "Evacuation Phase 3",IF(C15<3.5, "Maximum Phase", "Maximum+ Phase")))) -> Maximum+ Phase | C15: =_xlfn.XLOOKUP($A15,'(3) Calc Values by siteCode'!$B$3:$B$194,'(3) Calc Values by siteCode'!$M$3:$M$194,"ERROR",0,1) -> 5.7700655 | D15: =CONVERT($C15,"m","ft") -> 18.930661
A16: South Spit coast | B16: =IF(C16<1, "Evacuation Phase 1", IF(C16<1.5, "Evacuation Phase 2",IF(C16<2.5, "Evacuation Phase 3",IF(C16<3.5, "Maximum Phase", "Maximum+ Phase")))) -> Maximum+ Phase | C16: =_xlfn.XLOOKUP($A16,'(3) Calc Values by siteCode'!$B$3:$B$194,'(3) Calc Values by siteCode'!$M$3:$M$194,"ERROR",0,1) -> 5.1710449 | D16: =CONVERT($C16,"m","ft") -> 16.96537
A17: Ferndale | B17: =IF(C17<1, "Evacuation Phase 1", IF(C17<1.5, "Evacuation Phase 2",IF(C17<2.5, "Evacuation Phase 3",IF(C17<3.5, "Maximum Phase", "Maximum+ Phase")))) -> Maximum+ Phase | C17: =_xlfn.XLOOKUP($A17,'(3) Calc Values by siteCode'!$B$3:$B$194,'(3) Calc Values by siteCode'!$M$3:$M$194,"ERROR",0,1) -> 5.1710449 | D17: =CONVERT($C17,"m","ft") -> 16.96537
A18: Shelter Cove | B18: =IF(C18<1, "Evacuation Phase 1", IF(C18<1.5, "Evacuation Phase 2",IF(C18<2.5, "Evacuation Phase 3",IF(C18<3.5, "Maximum Phase", "Maximum+ Phase")))) -> Maximum+ Phase | C18: =_xlfn.XLOOKUP($A18,'(3) Calc Values by siteCode'!$B$3:$B$194,'(3) Calc Values by siteCode'!$M$3:$M$194,"ERROR",0,1) -> 7.802406 | D18: =CONVERT($C18,"m","ft") -> 25.598445
A21: Tsunami Maritime Plan Recommendations
A22: Maritime Location | B22: Recommended MINIMUM Maritime Tsunami Playbook Plan | C22: NTWC Forecast Tsunami Amplitude (in METERS above Mean Sea Level; does NOT include existing ocean conditions) | D22: NTWC Forecast Tsunami Amplitude (in FEET above Mean Sea Level; does NOT include existing ocean conditions)
A23: Humboldt Bay | B23: =_xlfn.XLOOKUP($A23,'(4) Maritime Thresholds'!$H$2:$H$35,'(4) Maritime Thresholds'!$I$2:$I$35,"ERROR",0,1) -> Maritime Response Plan E | C23: =_xlfn.XLOOKUP($A23,'(4) Maritime Thresholds'!$H$2:$H$35,'(4) Maritime Thresholds'!$J$2:$J$35,"ERROR",0,1) -> 3.3840877 | D23: =C23*3.28 -> 11.099808
A25: Refer to the California Tsunami Playbook Guidance document for detailed information on the FASTER method and other background tsunami information.
A28: Box.com link to Tsunami Playbook templates, maps, and data: | C28: https://doc.box.com/v/CATsunamiEventResponse

Sheet 03 Mendocino County
A1: {=_xlfn.TEXTAFTER(CELL("filename",A1),"]")} -> 03 Mendocino County | C1: Event Name: | D1: =COVER!B5 -> February Monthly Test 02
C2: Exported at (PT): | D2: =NOW() -> 46122.087
A3: TSUNAMI RESPONSE DECISION SUPPORT TOOLS
A4: NOTE: Tsunami event information, including recommended Tsunami Playbook Phases from the State, will be discussed during teleconferences/webinars and distributed electronically leading up to the arrival of the tsunami and during tsunami activity. If you have any questions regarding the Tsunami Playbook process, contact the State Event Duty Officer(s) or your local National Weather Service representative.
A6: Tsunami Evacuation Phase Recommendations
A7: Coastal Location | B7: Recommended MINIMUM Tsunami Evacuation Playbook Phase | C7: FASTER flood elevation (in METERS above Mean Sea Level) | D7: FASTER flood elevation (in FEET above Mean Sea Level)
A8: Cleone | B8: =IF(C8<1, "Evacuation Phase 1", IF(C8<1.5, "Evacuation Phase 2",IF(C8<2.5, "Evacuation Phase 3",IF(C8<3.5, "Maximum Phase", "Maximum+ Phase")))) -> Maximum+ Phase | C8: =_xlfn.XLOOKUP($A8,'(3) Calc Values by siteCode'!$B$3:$B$194,'(3) Calc Values by siteCode'!$M$3:$M$194,"ERROR",0,1) -> 6.9429313 | D8: =CONVERT($C8,"m","ft") -> 22.778646
A9: Ten Mile River | B9: =IF(C9<1, "Evacuation Phase 1", IF(C9<1.5, "Evacuation Phase 2",IF(C9<2.5, "Evacuation Phase 3",IF(C9<3.5, "Maximum Phase", "Maximum+ Phase")))) -> Maximum+ Phase | C9: =_xlfn.XLOOKUP($A9,'(3) Calc Values by siteCode'!$B$3:$B$194,'(3) Calc Values by siteCode'!$M$3:$M$194,"ERROR",0,1) -> 6.9429313 | D9: =CONVERT($C9,"m","ft") -> 22.778646
A10: Fort Bragg | B10: =IF(C10<1, "Evacuation Phase 1", IF(C10<1.5, "Evacuation Phase 2",IF(C10<2.5, "Evacuation Phase 3",IF(C10<3.5, "Maximum Phase", "Maximum+ Phase")))) -> Maximum+ Phase | C10: =_xlfn.XLOOKUP($A10,'(3) Calc Values by siteCode'!$B$3:$B$194,'(3) Calc Values by siteCode'!$M$3:$M$194,"ERROR",0,1) -> 6.0774683 | D10: =CONVERT($C10,"m","ft") -> 19.9392
A11: Casper | B11: =IF(C11<1, "Evacuation Phase 1", IF(C11<1.5, "Evacuation Phase 2",IF(C11<2.5, "Evacuation Phase 3",IF(C11<3.5, "Maximum Phase", "Maximum+ Phase")))) -> Maximum+ Phase | C11: =_xlfn.XLOOKUP($A11,'(3) Calc Values by siteCode'!$B$3:$B$194,'(3) Calc Values by siteCode'!$M$3:$M$194,"ERROR",0,1) -> 6.245375 | D11: =CONVERT($C11,"m","ft") -> 20.490075
A12: Mendocino | B12: =IF(C12<1, "Evacuation Phase 1", IF(C12<1.5, "Evacuation Phase 2",IF(C12<2.5, "Evacuation Phase 3",IF(C12<3.5, "Maximum Phase", "Maximum+ Phase")))) -> Maximum+ Phase | C12: =_xlfn.XLOOKUP($A12,'(3) Calc Values by siteCode'!$B$3:$B$194,'(3) Calc Values by siteCode'!$M$3:$M$194,"ERROR",0,1) -> 6.245375 | D12: =CONVERT($C12,"m","ft") -> 20.490075
A13: Albion | B13: =IF(C13<1, "Evacuation Phase 1", IF(C13<1.5, "Evacuation Phase 2",IF(C13<2.5, "Evacuation Phase 3",IF(C13<3.5, "Maximum Phase", "Maximum+ Phase")))) -> Maximum+ Phase | C13: =_xlfn.XLOOKUP($A13,'(3) Calc Values by siteCode'!$B$3:$B$194,'(3) Calc Values by siteCode'!$M$3:$M$194,"ERROR",0,1) -> 6.245375 | D13: =CONVERT($C13,"m","ft") -> 20.490075
A14: Elk | B14: =IF(C14<1, "Evacuation Phase 1", IF(C14<1.5, "Evacuation Phase 2",IF(C14<2.5, "Evacuation Phase 3",IF(C14<3.5, "Maximum Phase", "Maximum+ Phase")))) -> Maximum+ Phase | C14: =_xlfn.XLOOKUP($A14,'(3) Calc Values by siteCode'!$B$3:$B$194,'(3) Calc Values by siteCode'!$M$3:$M$194,"ERROR",0,1) -> 7.3545257 | D14: =CONVERT($C14,"m","ft") -> 24.129021
A15: Point Arena | B15: =IF(C15<1, "Evacuation Phase 1", IF(C15<1.5, "Evacuation Phase 2",IF(C15<2.5, "Evacuation Phase 3",IF(C15<3.5, "Maximum Phase", "Maximum+ Phase")))) -> Maximum+ Phase | C15: =_xlfn.XLOOKUP($A15,'(3) Calc Values by siteCode'!$B$3:$B$194,'(3) Calc Values by siteCode'!$M$3:$M$194,"ERROR",0,1) -> 9.0433288 | D15: =CONVERT($C15,"m","ft") -> 29.669714
A16: Anchor Bay | B16: =IF(C16<1, "Evacuation Phase 1", IF(C16<1.5, "Evacuation Phase 2",IF(C16<2.5, "Evacuation Phase 3",IF(C16<3.5, "Maximum Phase", "Maximum+ Phase")))) -> Maximum+ Phase | C16: =_xlfn.XLOOKUP($A16,'(3) Calc Values by siteCode'!$B$3:$B$194,'(3) Calc Values by siteCode'!$M$3:$M$194,"ERROR",0,1) -> 8.2897181 | D16: =CONVERT($C16,"m","ft") -> 27.197238
A19: Tsunami Maritime Plan Recommendations
A20: Maritime Location | B20: Recommended MINIMUM Maritime Tsunami Playbook Plan | C20: NTWC Forecast Tsunami Amplitude (in METERS above Mean Sea Level; does NOT include existing ocean conditions) | D20: NTWC Forecast Tsunami Amplitude (in FEET above Mean Sea Level; does NOT include existing ocean conditions)
A21: Noyo River Harbor | B21: =_xlfn.XLOOKUP($A21,'(4) Maritime Thresholds'!$H$2:$H$35,'(4) Maritime Thresholds'!$I$2:$I$35,"ERROR",0,1) -> Maritime Response Plan E | C21: =_xlfn.XLOOKUP($A21,'(4) Maritime Thresholds'!$H$2:$H$35,'(4) Maritime Thresholds'!$J$2:$J$35,"ERROR",0,1) -> 3.2598899 | D21: =C21*3.28 -> 10.692439
A23: Refer to the California Tsunami Playbook Guidance document for detailed information on the FASTER method and other background tsunami information.
A26: Box.com link to Tsunami Playbook templates, maps, and data: | C26: https://doc.box.com/v/CATsunamiEventResponse

Sheet 04 Sonoma County
A1: {=_xlfn.TEXTAFTER(CELL("filename",A1),"]")} -> 04 Sonoma County | C1: Event Name: | D1: =COVER!B5 -> February Monthly Test 02
C2: Exported at (PT): | D2: =NOW() -> 46122.087
A3: TSUNAMI RESPONSE DECISION SUPPORT TOOLS
A4: NOTE: Tsunami event information, including recommended Tsunami Playbook Phases from the State, will be discussed during teleconferences/webinars and distributed electronically leading up to the arrival of the tsunami and during tsunami activity. If you have any questions regarding the Tsunami Playbook process, contact the State Event Duty Officer(s) or your local National Weather Service representative.
A6: Tsunami Evacuation Phase Recommendations
A7: Coastal Location | B7: Recommended MINIMUM Tsunami Evacuation Playbook Phase | C7: FASTER flood elevation (in METERS above Mean Sea Level) | D7: FASTER flood elevation (in FEET above Mean Sea Level)
A8: Sea Ranch | B8: =IF(C8<1, "Evacuation Phase 1", IF(C8<1.5, "Evacuation Phase 2",IF(C8<2.5, "Evacuation Phase 3",IF(C8<3.5, "Maximum Phase", "Maximum+ Phase")))) -> Maximum+ Phase | C8: =_xlfn.XLOOKUP($A8,'(3) Calc Values by siteCode'!$B$3:$B$194,'(3) Calc Values by siteCode'!$M$3:$M$194,"ERROR",0,1) -> 8.2208312 | D8: =CONVERT($C8,"m","ft") -> 26.971231
A9: Timber Cove | B9: =IF(C9<1, "Evacuation Phase 1", IF(C9<1.5, "Evacuation Phase 2",IF(C9<2.5, "Evacuation Phase 3",IF(C9<3.5, "Maximum Phase", "Maximum+ Phase")))) -> Maximum+ Phase | C9: =_xlfn.XLOOKUP($A9,'(3) Calc Values by siteCode'!$B$3:$B$194,'(3) Calc Values by siteCode'!$M$3:$M$194,"ERROR",0,1) -> 8.2208312 | D9: =CONVERT($C9,"m","ft") -> 26.971231
A10: Fort Ross | B10: =IF(C10<1, "Evacuation Phase 1", IF(C10<1.5, "Evacuation Phase 2",IF(C10<2.5, "Evacuation Phase 3",IF(C10<3.5, "Maximum Phase", "Maximum+ Phase")))) -> Maximum+ Phase | C10: =_xlfn.XLOOKUP($A10,'(3) Calc Values by siteCode'!$B$3:$B$194,'(3) Calc Values by siteCode'!$M$3:$M$194,"ERROR",0,1) -> 8.2208312 | D10: =CONVERT($C10,"m","ft") -> 26.971231
A11: Jenner-Russian River | B11: =IF(C11<1, "Evacuation Phase 1", IF(C11<1.5, "Evacuation Phase 2",IF(C11<2.5, "Evacuation Phase 3",IF(C11<3.5, "Maximum Phase", "Maximum+ Phase")))) -> Maximum+ Phase | C11: =_xlfn.XLOOKUP($A11,'(3) Calc Values by siteCode'!$B$3:$B$194,'(3) Calc Values by siteCode'!$M$3:$M$194,"ERROR",0,1) -> 8.2208312 | D11: =CONVERT($C11,"m","ft") -> 26.971231
A12: Salmon Creek | B12: =IF(C12<1, "Evacuation Phase 1", IF(C12<1.5, "Evacuation Phase 2",IF(C12<2.5, "Evacuation Phase 3",IF(C12<3.5, "Maximum Phase", "Maximum+ Phase")))) -> Maximum+ Phase | C12: =_xlfn.XLOOKUP($A12,'(3) Calc Values by siteCode'!$B$3:$B$194,'(3) Calc Values by siteCode'!$M$3:$M$194,"ERROR",0,1) -> 8.9681795 | D12: =CONVERT($C12,"m","ft") -> 29.423161
A13: Bodega Bay | B13: =IF(C13<1, "Evacuation Phase 1", IF(C13<1.5, "Evacuation Phase 2",IF(C13<2.5, "Evacuation Phase 3",IF(C13<3.5, "Maximum Phase", "Maximum+ Phase")))) -> Maximum+ Phase | C13: =_xlfn.XLOOKUP($A13,'(3) Calc Values by siteCode'!$B$3:$B$194,'(3) Calc Values by siteCode'!$M$3:$M$194,"ERROR",0,1) -> 5.86707 | D13: =CONVERT($C13,"m","ft") -> 19.248917
A14: Sears Point-Petaluma Valley | B14: =IF(C14<1, "Evacuation Phase 1", IF(C14<1.5, "Evacuation Phase 2",IF(C14<2.5, "Evacuation Phase 3",IF(C14<3.5, "Maximum Phase", "Maximum+ Phase")))) -> Maximum+ Phase | C14: =_xlfn.XLOOKUP($A14,'(3) Calc Values by siteCode'!$B$3:$B$194,'(3) Calc Values by siteCode'!$M$3:$M$194,"ERROR",0,1) -> 3.9286252 | D14: =CONVERT($C14,"m","ft") -> 12.88919
A17: Tsunami Maritime Plan Recommendations
A18: Maritime Location | B18: Recommended MINIMUM Maritime Tsunami Playbook Plan | C18: NTWC Forecast Tsunami Amplitude (in METERS above Mean Sea Level; does NOT include existing ocean conditions) | D18: NTWC Forecast Tsunami Amplitude (in FEET above Mean Sea Level; does NOT include existing ocean conditions)
A19: Bodega Bay | B19: =_xlfn.XLOOKUP($A19,'(4) Maritime Thresholds'!$H$2:$H$35,'(4) Maritime Thresholds'!$I$2:$I$35,"ERROR",0,1) -> Maritime Response Plan E | C19: =_xlfn.XLOOKUP($A19,'(4) Maritime Thresholds'!$H$2:$H$35,'(4) Maritime Thresholds'!$J$2:$J$35,"ERROR",0,1) -> 3.5963077 | D19: =C19*3.28 -> 11.795889
A21: Refer to the California Tsunami Playbook Guidance document for detailed information on the FASTER method and other background tsunami information.
A24: Box.com link to Tsunami Playbook templates, maps, and data: | C24: https://doc.box.com/v/CATsunamiEventResponse

Sheet 05 Marin County
A1: {=_xlfn.TEXTAFTER(CELL("filename",A1),"]")} -> 05 Marin County | C1: Event Name: | D1: =COVER!B5 -> February Monthly Test 02
C2: Exported at (PT): | D2: =NOW() -> 46122.087
A3: TSUNAMI RESPONSE DECISION SUPPORT TOOLS
A4: NOTE: Tsunami event information, including recommended Tsunami Playbook Phases from the State, will be discussed during teleconferences/webinars and distributed electronically leading up to the arrival of the tsunami and during tsunami activity. If you have any questions regarding the Tsunami Playbook process, contact the State Event Duty Officer(s) or your local National Weather Service representative.
A6: Tsunami Evacuation Phase Recommendations
A7: Coastal Location | B7: Recommended MINIMUM Tsunami Evacuation Playbook Phase | C7: FASTER flood elevation (in METERS above Mean Sea Level) | D7: FASTER flood elevation (in FEET above Mean Sea Level)
A8: Dillons Beach | B8: =IF(C8<1, "Evacuation Phase 1", IF(C8<1.5, "Evacuation Phase 2",IF(C8<2.5, "Evacuation Phase 3",IF(C8<3.5, "Maximum Phase", "Maximum+ Phase")))) -> Maximum+ Phase | C8: =_xlfn.XLOOKUP($A8,'(3) Calc Values by siteCode'!$B$3:$B$194,'(3) Calc Values by siteCode'!$M$3:$M$194,"ERROR",0,1) -> 9.0129051 | D8: =CONVERT($C8,"m","ft") -> 29.569898
A9: Point Reyes | B9: =IF(C9<1, "Evacuation Phase 1", IF(C9<1.5, "Evacuation Phase 2",IF(C9<2.5, "Evacuation Phase 3",IF(C9<3.5, "Maximum Phase", "Maximum+ Phase")))) -> Maximum+ Phase | C9: =_xlfn.XLOOKUP($A9,'(3) Calc Values by siteCode'!$B$3:$B$194,'(3) Calc Values by siteCode'!$M$3:$M$194,"ERROR",0,1) -> 9.0129051 | D9: =CONVERT($C9,"m","ft") -> 29.569898
A10: Bolinas | B10: =IF(C10<1, "Evacuation Phase 1", IF(C10<1.5, "Evacuation Phase 2",IF(C10<2.5, "Evacuation Phase 3",IF(C10<3.5, "Maximum Phase", "Maximum+ Phase")))) -> Maximum+ Phase | C10: =_xlfn.XLOOKUP($A10,'(3) Calc Values by siteCode'!$B$3:$B$194,'(3) Calc Values by siteCode'!$M$3:$M$194,"ERROR",0,1) -> 6.6801049 | D10: =CONVERT($C10,"m","ft") -> 21.916355
A11: Stinson Beach | B11: =IF(C11<1, "Evacuation Phase 1", IF(C11<1.5, "Evacuation Phase 2",IF(C11<2.5, "Evacuation Phase 3",IF(C11<3.5, "Maximum Phase", "Maximum+ Phase")))) -> Maximum+ Phase | C11: =_xlfn.XLOOKUP($A11,'(3) Calc Values by siteCode'!$B$3:$B$194,'(3) Calc Values by siteCode'!$M$3:$M$194,"ERROR",0,1) -> 5.8089737 | D11: =CONVERT($C11,"m","ft") -> 19.058313
A12: Muir Beach | B12: =IF(C12<1, "Evacuation Phase 1", IF(C12<1.5, "Evacuation Phase 2",IF(C12<2.5, "Evacuation Phase 3",IF(C12<3.5, "Maximum Phase", "Maximum+ Phase")))) -> Maximum+ Phase | C12: =_xlfn.XLOOKUP($A12,'(3) Calc Values by siteCode'!$B$3:$B$194,'(3) Calc Values by siteCode'!$M$3:$M$194,"ERROR",0,1) -> 6.6801049 | D12: =CONVERT($C12,"m","ft") -> 21.916355
A13: Rodeo Cove | B13: =IF(C13<1, "Evacuation Phase 1", IF(C13<1.5, "Evacuation Phase 2",IF(C13<2.5, "Evacuation Phase 3",IF(C13<3.5, "Maximum Phase", "Maximum+ Phase")))) -> Maximum+ Phase | C13: =_xlfn.XLOOKUP($A13,'(3) Calc Values by siteCode'!$B$3:$B$194,'(3) Calc Values by siteCode'!$M$3:$M$194,"ERROR",0,1) -> 6.6801049 | D13: =CONVERT($C13,"m","ft") -> 21.916355
A14: Horseshoe Bay | B14: =IF(C14<1, "Evacuation Phase 1", IF(C14<1.5, "Evacuation Phase 2",IF(C14<2.5, "Evacuation Phase 3",IF(C14<3.5, "Maximum Phase", "Maximum+ Phase")))) -> Maximum+ Phase | C14: =_xlfn.XLOOKUP($A14,'(3) Calc Values by siteCode'!$B$3:$B$194,'(3) Calc Values by siteCode'!$M$3:$M$194,"ERROR",0,1) -> 6.7784449 | D14: =CONVERT($C14,"m","ft") -> 22.238993
A15: Sausalito | B15: =IF(C15<1, "Evacuation Phase 1", IF(C15<1.5, "Evacuation Phase 2",IF(C15<2.5, "Evacuation Phase 3",IF(C15<3.5, "Maximum Phase", "Maximum+ Phase")))) -> Maximum Phase | C15: =_xlfn.XLOOKUP($A15,'(3) Calc Values by siteCode'!$B$3:$B$194,'(3) Calc Values by siteCode'!$M$3:$M$194,"ERROR",0,1) -> 3.4876295 | D15: =CONVERT($C15,"m","ft") -> 11.442354
A16: Belvedere | B16: =IF(C16<1, "Evacuation Phase 1", IF(C16<1.5, "Evacuation Phase 2",IF(C16<2.5, "Evacuation Phase 3",IF(C16<3.5, "Maximum Phase", "Maximum+ Phase")))) -> Maximum Phase | C16: =_xlfn.XLOOKUP($A16,'(3) Calc Values by siteCode'!$B$3:$B$194,'(3) Calc Values by siteCode'!$M$3:$M$194,"ERROR",0,1) -> 3.4876295 | D16: =CONVERT($C16,"m","ft") -> 11.442354
A17: Tiburon | B17: =IF(C17<1, "Evacuation Phase 1", IF(C17<1.5, "Evacuation Phase 2",IF(C17<2.5, "Evacuation Phase 3",IF(C17<3.5, "Maximum Phase", "Maximum+ Phase")))) -> Maximum Phase | C17: =_xlfn.XLOOKUP($A17,'(3) Calc Values by siteCode'!$B$3:$B$194,'(3) Calc Values by siteCode'!$M$3:$M$194,"ERROR",0,1) -> 3.4876295 | D17: =CONVERT($C17,"m","ft") -> 11.442354
A18: Corte Madera | B18: =IF(C18<1, "Evacuation Phase 1", IF(C18<1.5, "Evacuation Phase 2",IF(C18<2.5, "Evacuation Phase 3",IF(C18<3.5, "Maximum Phase", "Maximum+ Phase")))) -> Maximum+ Phase | C18: =_xlfn.XLOOKUP($A18,'(3) Calc Values by siteCode'!$B$3:$B$194,'(3) Calc Values by siteCode'!$M$3:$M$194,"ERROR",0,1) -> 3.5257995 | D18: =CONVERT($C18,"m","ft") -> 11.567584
A19: San Rafael | B19: =IF(C19<1, "Evacuation Phase 1", IF(C19<1.5, "Evacuation Phase 2",IF(C19<2.5, "Evacuation Phase 3",IF(C19<3.5, "Maximum Phase", "Maximum+ Phase")))) -> Maximum+ Phase | C19: =_xlfn.XLOOKUP($A19,'(3) Calc Values by siteCode'!$B$3:$B$194,'(3) Calc Values by siteCode'!$M$3:$M$194,"ERROR",0,1) -> 3.5257995 | D19: =CONVERT($C19,"m","ft") -> 11.567584
A20: Novato | B20: =IF(C20<1, "Evacuation Phase 1", IF(C20<1.5, "Evacuation Phase 2",IF(C20<2.5, "Evacuation Phase 3",IF(C20<3.5, "Maximum Phase", "Maximum+ Phase")))) -> Maximum+ Phase | C20: =_xlfn.XLOOKUP($A20,'(3) Calc Values by siteCode'!$B$3:$B$194,'(3) Calc Values by siteCode'!$M$3:$M$194,"ERROR",0,1) -> 3.5257995 | D20: =CONVERT($C20,"m","ft") -> 11.567584
A22: Tsunami Maritime Plan Recommendations
A23: Maritime Location | B23: Recommended MINIMUM Maritime Tsunami Playbook Plan | C23: NTWC Forecast Tsunami Amplitude (in METERS above Mean Sea Level; does NOT include existing ocean conditions) | D23: NTWC Forecast Tsunami Amplitude (in FEET above Mean Sea Level; does NOT include existing ocean conditions)
A24: Richardson Bay | B24: =_xlfn.XLOOKUP($A24,'(4) Maritime Thresholds'!$H$2:$H$35,'(4) Maritime Thresholds'!$I$2:$I$35,"ERROR",0,1) -> Maritime Response Plan E | C24: =_xlfn.XLOOKUP($A24,'(4) Maritime Thresholds'!$H$2:$H$35,'(4) Maritime Thresholds'!$J$2:$J$35,"ERROR",0,1) -> 1.863594 | D24: =C24*3.28 -> 6.1125884
A25: Refer to the California Tsunami Playbook Guidance document for detailed information on the FASTER method and other background tsunami information.
A28: Box.com link to Tsunami Playbook templates, maps, and data: | C28: https://doc.box.com/v/CATsunamiEventResponse

Sheet 06 Napa County
A1: {=_xlfn.TEXTAFTER(CELL("filename",A1),"]")} -> 06 Napa County | C1: Event Name: | D1: =COVER!B5 -> February Monthly Test 02
C2: Exported at (PT): | D2: =NOW() -> 46122.087
A3: TSUNAMI RESPONSE DECISION SUPPORT TOOLS
A4: NOTE: Tsunami event information, including recommended Tsunami Playbook Phases from the State, will be discussed during teleconferences/webinars and distributed electronically leading up to the arrival of the tsunami and during tsunami activity. If you have any questions regarding the Tsunami Playbook process, contact the State Event Duty Officer(s) or your local National Weather Service representative.
A6: Tsunami Evacuation Phase Recommendations
A7: Coastal Location | B7: Recommended MINIMUM Tsunami Evacuation Playbook Phase | C7: FASTER flood elevation (in METERS above Mean Sea Level) | D7: FASTER flood elevation (in FEET above Mean Sea Level)
A8: American Canyon | B8: =IF(C8<1, "Evacuation Phase 1", IF(C8<1.5, "Evacuation Phase 2",IF(C8<2.5, "Evacuation Phase 3",IF(C8<3.5, "Maximum Phase", "Maximum+ Phase")))) -> Maximum+ Phase | C8: =_xlfn.XLOOKUP($A8,'(3) Calc Values by siteCode'!$B$3:$B$194,'(3) Calc Values by siteCode'!$M$3:$M$194,"ERROR",0,1) -> 3.8380252 | D8: =CONVERT($C8,"m","ft") -> 12.591946
A10: Refer to the California Tsunami Playbook Guidance document for detailed information on the FASTER method and other background tsunami information.
A13: Box.com link to Tsunami Playbook templates, maps, and data: | C13: https://doc.box.com/v/CATsunamiEventResponse

Sheet 07 Solano County
A1: {=_xlfn.TEXTAFTER(CELL("filename",A1),"]")} -> 07 Solano County | C1: Event Name: | D1: =COVER!B5 -> February Monthly Test 02
C2: Exported at (PT): | D2: =NOW() -> 46122.087
A3: TSUNAMI RESPONSE DECISION SUPPORT TOOLS
A4: NOTE: Tsunami event information, including recommended Tsunami Playbook Phases from the State, will be discussed during teleconferences/webinars and distributed electronically leading up to the arrival of the tsunami and during tsunami activity. If you have any questions regarding the Tsunami Playbook process, contact the State Event Duty Officer(s) or your local National Weather Service representative.
A6: Tsunami Evacuation Phase Recommendations
